that,3675.0
第七十七,10159.0
finally,2940.0
including,6211.0
see,5941.0
an,5234.0
believed,5341.0
副词,3417.0
郑,5970.0
调用函数,5886.0
大连理工大学,6068.0
absolutely,5875.0
孙家,7741.0
认识论,5571.0
find,4922.0
卡尔,10721.0
稳压管,6279.0
spend,6743.0
continue,1664.0
using,8072.0
儒家,9670.0
year,7282.0
if,914.0
社会学,6004.0
server,9924.0
填空题,3645.0
visited,7168.0
communicate,9643.0
represent,6288.0
too,8751.0
复合句,8020.0
string,4166.0
苏轼,7269.0
词义,3684.0
opportunity,8010.0
先秦,10386.0
诗歌,10944.0
write,3941.0
复旦大学,8876.0
判决,7104.0
君主专制,4376.0
霍夫曼,4572.0
朝廷,10938.0
细胞,10878.0
李涛,8574.0
a,1101.0
字段,2853.0
十七,9752.0
莱恩,11001.0
课,207.0
concern,6952.0
导数,1616.0
张玲,4891.0
布尔,1717.0
单词,931.0
可执行文件,3157.0
安徽大学,10378.0
工具栏,2021.0
化学键,9336.0
类库,1706.0
萝卜,8162.0
survive,4256.0
含有,2971.0
help,7817.0
程序法,4777.0
move,6416.0
电动势,5794.0
药物,8498.0
北京大学出版社,5783.0
本科,231.0
moreover,3874.0
著作,10839.0
疾病,7082.0
previous,5869.0
毛泽东,3097.0
迈克尔,7392.0
高等数学,584.0
mistake,9292.0
ones,7843.0
process,8907.0
子宫,9774.0
网关,2471.0
课堂教学,260.0
throw,5286.0
抗日战争,4266.0
王鹏,6884.0
格雷,4236.0
傅,5605.0
波兰,4262.0
物理学,2031.0
第八节,2691.0
贷款,9544.0
水果,8400.0
commercial,7350.0
元代,7202.0
特斯,4034.0
基体,6945.0
分枝,4416.0
efficient,9304.0
圆形,3862.0
碱金属,9512.0
意识形态,3449.0
维新派,5049.0
笛卡尔,2146.0
电机,4564.0
relevant,7021.0
positive,9942.0
短句,8348.0
税赋,10958.0
存储系统,1126.0
钠,6558.0
元件,1355.0
graduate,10180.0
define,10575.0
作物,8233.0
机械工程,6615.0
血管,7832.0
浮点数,1513.0
汤姆森,8893.0
椒盐,10194.0
课后练习,4088.0
汇编语言,490.0
reflect,4936.0
question,11494.0
作文,6191.0
考试,621.0
bottom,6940.0
回调,6488.0
绘画,4688.0
三类,1818.0
辨证,5782.0
软件程序,10109.0
山谷,5690.0
声律,11473.0
合同法,10419.0
军队,3503.0
维亚,10871.0
思维能力,903.0
encounter,5095.0
成本费用,5708.0
intent,11299.0
无产阶级,5094.0
放入,3957.0
米尔顿,8218.0
account,11309.0
戏曲,10934.0
归一化,6923.0
应用服务,3725.0
模拟量,3490.0
交叉学科,2651.0
