第八十九,9990.0
that,3675.0
孙家,7741.0
宾语,8819.0
十六,6560.0
finally,2940.0
including,6211.0
see,5941.0
调用函数,5886.0
三阶,3530.0
五个,908.0
辩证唯物主义,3000.0
大连理工大学,6068.0
第八,2612.0
郑,5970.0
可控硅,11483.0
an,5234.0
定义域,4361.0
believed,5341.0
五年,6655.0
第六节,1206.0
社会学,6004.0
填空题,3645.0
毛泽东,3097.0
北京大学出版社,5783.0
儒家,9670.0
三类,1818.0
词组,1704.0
工具栏,2021.0
先秦,10386.0
君主专制,4376.0
五条,6031.0
线性代数,848.0
周五,5453.0
诗歌,10944.0
absolutely,5875.0
著作,10839.0
复旦大学,8876.0
税赋,10958.0
java,2839.0
抗日战争,4266.0
判决,7104.0
卡尔,10721.0
三次,1934.0
config,3035.0
四项,4902.0
化学键,9336.0
苏轼,7269.0
else,2577.0
spend,6743.0
电压表,9468.0
文件格式,1622.0
戏曲,10934.0
课,207.0
程序法,4777.0
元代,7202.0
辨证,5782.0
int,10433.0
間,10193.0
研究生,2196.0
using,8072.0
too,8751.0
year,7282.0
维新派,5049.0
学术论文,3386.0
读音,11294.0
波兰,4262.0
潍坊,5646.0
科举,10137.0
细胞,10878.0
回调,6488.0
字段,2853.0
金光,10546.0
安徽大学,10378.0
编辑,488.0
课堂教学,260.0
神经元,3229.0
杨志,7049.0
三层,2281.0
萝卜,8162.0
圆形,3862.0
communicate,9643.0
复习,471.0
杨氏,5235.0
道德规范,2313.0
灰色,7386.0
物理学,2031.0
网段,7780.0
卜算子,8107.0
visited,7168.0
磁盘分区,10579.0
疾病,7082.0
财务报表,6540.0
influence,6581.0
心理疾病,6770.0
待用,6094.0
子宫,9774.0
叶片,9348.0
李涛,8574.0
佛教,8017.0
矿山,6784.0
贷款,9544.0
电平,2595.0
弹性模量,5983.0
机械工程,6615.0
旅游景点,8837.0
美国哥伦比亚大学,8027.0
笛卡尔,2146.0
opportunity,8010.0
药物,8498.0
水果,8400.0
莱恩,11001.0
时应,3738.0
虚拟语气,10221.0
特征向量,2574.0
思维能力,903.0
对比度,2263.0
霍夫曼,4572.0
程序代码,2604.0
声律,11473.0
下半叶,9225.0
班级,2428.0
含有,2971.0
分布式计算,4075.0
作物,8233.0
张玲,4891.0
一棵,3639.0
电荷,8878.0
英语,845.0
布尔,1717.0
提高,21.0
a,1101.0
直流电,5846.0
人身权利,8438.0
教学大纲,71.0
无产阶级,5094.0
词句,9706.0
新教,8398.0
复印件,6158.0
concerned,6737.0
山谷,5690.0
交叉学科,2651.0
元件,1355.0
子类,2882.0
电机,4564.0
第一册,2180.0
议论文,6002.0
钠,6558.0
数字电路,1221.0
数据传输,1598.0
