纸人,小鬼,纸片,道士,棍子,烧香,穷鬼,砖头,小鸡,火柴,无头,纸人,纸张,公鸡,,,,,,,,,,,,,,,,,,,,,,,,,,,,,,,,,,,,,,,,,,,,,,,,,,,,,,,,,,,,,,,,,,,,,,,,,,,,,,,,,,,,,,,,,,,,,,,,,,,,,,,,,,,,,,,,,,,,,,,,,,,,,,,,,,,,,,,,,,,,,,,,,,,,,,,,,,,,,,,,,,,,,,,,,,,,,,,,,,,,,,,,,,,,,,,,,,,,,,,,,,,,,,,,,,,,,,,,,,
艰苦,困难,顺利,生存,间断,穷,曲折,锤炼,充实,挫折,吃苦耐劳,艰苦,历经,顽强,锻练,劳动,艰苦奋斗,亲历,路程,野外,生死攸关,顽强拼搏,军旅,宿营,持久战,不懈努力,荒岛,枯燥,漫长,行军,艰难,严酷,渺茫,简陋,,,,,,,,,,,,,,,,,,,,,,,,,,,,,,,,,,,,,,,,,,,,,,,,,,,,,,,,,,,,,,,,,,,,,,,,,,,,,,,,,,,,,,,,,,,,,,,,,,,,,,,,,,,,,,,,,,,,,,,,,,,,,,,,,,,,,,,,,,,,,,,,,,,,,,,,,,,,,,,,,,,,,,,,,,,,,,,,,,,,,,,,,,,,,,,,,,,,,,
管控,实施,协作,区域,数据管理,措施,防范,系统安全,数据分析,确保,双向,采集,边界,协同,严密,监控,封锁,隔离,检查点,实行,监测,安全措施,动态分析,落实,受控,控制措施,环境监测,突出重点,资源分配,分片,密切协作,高度重视,分阶段,消防,处置,管控,采取措施,分流,定量化,统计分析,决策分析,力度,应急,环保,数据保护,必检,对表,单点,治理,管理手段,严防,排查,明确责任,零时,确保安全,投放,化分,实时控制,抽查,安全形势,自控,干预,集中力量,及主,监护,及重,科学分析,摸底,安全控制,线及,供应,内及,,,,,,,,,,,,,,,,,,,,,,,,,,,,,,,,,,,,,,,,,,,,,,,,,,,,,,,,,,,,,,,,,,,,,,,,,,,,,,,,,,,,,,,,,,,,,,,,,,,,,,,,,,,,,,,,,,,,,,,,,,,,,,,,,,,,,,,,,,,,,,,,,,,,,,,,,,,,,,,,
精神家园,弘扬,共同理想,源点,守护,师友,精神家园,心中,归属感,生活空间,生活理想,心灵,桃花庵,两岸,彼岸,认同感,校训,乡愁,树起,振兴中华,传播者,砥砺,情怀,,,,,,,,,,,,,,,,,,,,,,,,,,,,,,,,,,,,,,,,,,,,,,,,,,,,,,,,,,,,,,,,,,,,,,,,,,,,,,,,,,,,,,,,,,,,,,,,,,,,,,,,,,,,,,,,,,,,,,,,,,,,,,,,,,,,,,,,,,,,,,,,,,,,,,,,,,,,,,,,,,,,,,,,,,,,,,,,,,,,,,,,,,,,,,,,,,,,,,,,,,,,,,,,,
近代,历史,起源,时期,世纪,当代,中华民族,近代,中外,代表性,中西文化,近现代史,早期,著名,称为,年代,西方,历史进程,最久,辛亥革命,民主革命,最早,半部,新文化运动,近代史,学者,西方人,最大者,近现代,二十世纪,深重,民国,半殖民地,清,所起,五四,先驱,三十年,杰出人物,厂矿,六朝,恩格斯,杂项,一百年,近代化,旧式,元代,科举制度,徐志摩,起源于,国,古,中叶,明清,佛教,学术界,封建主义,思想史,新教,关汉卿,大革命,澳门,元杂剧,清代,杂剧,下半叶,学派,香港,锡器,巨大贡献,流派,建国初期,并称,先秦,馆藏,反封建,清教,现当代,开创者,古今中外,四十年,有名,东方,岳麓书院,,,,,,,,,,,,,,,,,,,,,,,,,,,,,,,,,,,,,,,,,,,,,,,,,,,,,,,,,,,,,,,,,,,,,,,,,,,,,,,,,,,,,,,,,,,,,,,,,,,,,,,,,,,,,,,,,,,,,,,,,,,,,,,,,,,,,,,,,,,,,,,,,,,,
解答,解决,讲解,给出,解,提问,参考,解答,查阅,微,解析,回答,话题,答疑,探讨,意见,问答,解密,剖析,逐一,答案,难题,深入浅出,热点问题,精选,留言,困惑,感兴趣,咨询,留言板,回复,对此,求助,释疑,解惑,策,一对一,深入探讨,问题解答,常见问题,之谜,关心,困扰,有用,心得,举出,指路,说出,指点,为选,未解,答复,问,解决办法,疑难问题,采纳,所提,必知,疑问,发问,,,,,,,,,,,,,,,,,,,,,,,,,,,,,,,,,,,,,,,,,,,,,,,,,,,,,,,,,,,,,,,,,,,,,,,,,,,,,,,,,,,,,,,,,,,,,,,,,,,,,,,,,,,,,,,,,,,,,,,,,,,,,,,,,,,,,,,,,,,,,,,,,,,,,,,,,,,,,,,,,,,,,,,,,,,,
might,本章,else,moreover,be,主格,keen,reported,replace,could,emergency,likely,believed,adj,affect,grip,identify,thought,不可数,might,hover,concerned,spend,concern,relevant,advantage,suicide,opportunity,such,sleep,curiosity,communicate,positive,abuse,regret,,,,,,,,,,,,,,,,,,,,,,,,,,,,,,,,,,,,,,,,,,,,,,,,,,,,,,,,,,,,,,,,,,,,,,,,,,,,,,,,,,,,,,,,,,,,,,,,,,,,,,,,,,,,,,,,,,,,,,,,,,,,,,,,,,,,,,,,,,,,,,,,,,,,,,,,,,,,,,,,,,,,,,,,,,,,,,,,,,,,,,,,,,,,,,,,,,,,,
操作方法,常用,操作,工具,步骤,案例,技巧,基本操作,快速,用法,实用,要点,注意事项,提示,实际操作,操作方法,要领,常用工具,实战,可用,操作过程,查询方法,图示,具体操作,操作步骤,操,具体步骤,易用,秘诀,下图,试用,第一步,图解,诀窍,即用,巧用,下推,用后,如图所示,如图,分步,较为简单,或用,此法,一机,中该,具体方法,用此,操作程序,,,,,,,,,,,,,,,,,,,,,,,,,,,,,,,,,,,,,,,,,,,,,,,,,,,,,,,,,,,,,,,,,,,,,,,,,,,,,,,,,,,,,,,,,,,,,,,,,,,,,,,,,,,,,,,,,,,,,,,,,,,,,,,,,,,,,,,,,,,,,,,,,,,,,,,,,,,,,,,,,,,,,,,,,,,,,,,,,,,,,,,
球体,层,体,平面,三维,微型,旋转,体积,投影,圆,半径,填充,形,表面,形状,演化,物体,曲率,透明,均匀分布,球面,顶点,盒,核,观测,柱面,大数,截面,翻转,滚动,探测,引力,圆弧,蠕虫,立方体,棋盘,磁场,能量,星形,地球,粒子,轨道,弧,固体,分解成,液体,加速度,圆形,晶体,杂质,跳跃,椭圆,发光,气体,膨胀,颗粒,风暴,金属,球,菱形,水中,凸,腐蚀,弦,弯曲,重力,一圈,石英,形体,闭合,态,旋转轴,锯齿,结实,海洋,金字塔,氢原子,溶解,光滑,金属丝,层中,顺时针,几何体,不规则,观察者,细线,体上,碎片,弧形,堆中,笼子,涡旋,魔方,断口,合金,箭头,手臂,基体,玻璃,沙漠,放射性,体在,圆周,压强,沙漏,蝶形,时标,飘浮,袋内,壳,海绵,转轮,立方,对光,钻石,中心点,烧杯,钢丝,状,方形,散射,火山,直径,束,石块,包覆,尺,南极,抛物线,微粒,层上,球体,其内,蚁群,玻璃窗,表面张力,光反射,冰山,真空,圆球,水晶,螺旋,铁饼,臂,目镜,微小,排列成,网中,喷泉,蜘蛛,集合体,柱,星球,胶囊,晶格,带状,圆柱,金属线,射线,多面体,骨架,身长,轴,钢球,剖面,暗斑,折射率,线状,光度,薄膜,,,,,,,,,,,,,,,,,,,,,,,,,,,,,,,,,,,,,,,,,,,,,,,,,,,,,,,,,,,,,,
文件格式,软件,文件,格式,文档,图像,系统软件,应用软件,下载,光盘,打印机,格式化,数字图像,文件格式,输出设备,文件类型,外存,硬盘,分辨率,文本文件,数据文件,处理软件,母版,波特率,编码方式,字符集,像素,声音文件,工具软件,文件传输,常用软件,磁盘空间,电子版,拷贝,音视频,数据恢复,数字证书,数据格式,位图,扫描仪,其他软件,页面设置,比特率,软盘,文件属性,预览,安装包,阅读器,数码照片,系统文件,码率,音频视频,扩展卡,杀毒软件,矢量图,播放机,数据线,cfg,文本格式,电子相册,线宽,维普,htm,视频卡,分栏,单张,加壳,磁盘碎片,清晰度,cnki,photoshop,光驱,程序安装,硬盘分区,刷新率,彩色打印机,页码,powerpoint,拼版,音频文件,播放器,采集卡,网盘,源文件,压缩软件,宽高比,剪切,网页文件,防毒软件,缩略,网页内容,杀毒,网址,安装程序,宋体,移动硬盘,doc,数码相机,视频文件,病毒软件,启动盘,擦写,txt,该软件,jpg,,,,,,,,,,,,,,,,,,,,,,,,,,,,,,,,,,,,,,,,,,,,,,,,,,,,,,,,,,,,,,,,,,,,,,,,,,,,,,,,,,,,,,,,,,,,,,,,,,,,,,,,,,,,,,,,,,,,,,,,,,,,,,,
弄清楚,动手,结论,把握,跟踪,调查,收集,探究,大意,透彻,找出,定性,调动,动向,入手,明白,反常,确切,何种,认清,比较清楚,分清,推论,猜测,辨别,询问,对策,查,推测,弄清楚,知晓,谈谈,根源,弄清,讲清,追踪,归结,意图,具体情况,关键问题,搜集,推断,真假,动机,利弊,着手,记住,拖延,请问,几点,搜寻,可知,辨识,保密,权衡,弄懂,起因,讲清楚,虚实,确知,讲明,打听,详细描述,探,划清,何在,简略,敏锐地,了如指掌,看其,猜,捕捉到,取回,心理准备,知己知彼,探到,再作,做错,认真思考,迫切,发现自己,多长时间,理顺,含糊,推断出,理清,指明,停下来,交代,得出结论,稳定下来,厘清,来龙去脉,破译,洞悉,判明,,,,,,,,,,,,,,,,,,,,,,,,,,,,,,,,,,,,,,,,,,,,,,,,,,,,,,,,,,,,,,,,,,,,,,,,,,,,,,,,,,,,,,,,,,,,,,,,,,,,,,,,,,,,,,,,,,,,,,,,,,,,,,,,,,,,,,,,
入口处,窗口,通道,前导,各层,通路,参观,单向,处,连通,入口,开阔,地点,三层,室,十字,边沿,出口,五层,简易,大门,环形,角落,外围,到达,一行,隧道,排队,隐蔽,两层,上锁,顶层,包围,手持,区中,位于,开路,聚集,前台,下层,二层,二路,站,迷宫,行进,建筑群,墙,排成,出入口,封闭,设在,支路,阶梯,标示,山谷,就餐,回音,塔,等候,队尾,十分钟,远端,开门,直达,桌旁,后方,关门,由北向南,尽头,入口处,圆桌,区有,中待,出口处,狭长,通向,边上,通往,区时,右侧,停车场,另一端,单行道,楼层,步行,直通,停满,群中,行到,旁边,进出,逗留,站立,架起,一端,各条,左侧,为界,随处可见,每层,门户,大楼,营地,边时,原地,醒目,各处,栅栏,广场,北端,西北角,车场,门外,视线,,,,,,,,,,,,,,,,,,,,,,,,,,,,,,,,,,,,,,,,,,,,,,,,,,,,,,,,,,,,,,,,,,,,,,,,,,,,,,,,,,,,,,,,,,,,,,,,,,,,,,,,,,,,,,,,,,,,,,
高阶,高级,层次,域,传送,本门,中等,一阶,法则,极限,二阶,虚,防护,初等,等级,高阶,阶,隐,符,三级,捕获,生物,进阶,级数,二级,低级,三重,进化,初级,后备,五级,族,参,二重,三阶,技,领悟,四级,预备役,依曼,术,中级,低阶,极点,境界,用处,高等,七段,器中,变异,上层,修炼,阶层,特异,各系,特例,宿主,一级,之魂,低层,各派,戒,第二层,第三层,感应,境,炼成,饶,阁,至多,特种,同伴,顶峰,晋升,七层,虫,猿,御,韩家,参悟,防御性,中低层,青鸟,尊,深渊,域外,魔力,蛮力,中人,中高级,大家族,最高级,催眠,契约,几级,洲,自已,种族,宗派,六级,,,,,,,,,,,,,,,,,,,,,,,,,,,,,,,,,,,,,,,,,,,,,,,,,,,,,,,,,,,,,,,,,,,,,,,,,,,,,,,,,,,,,,,,,,,,,,,,,,,,,,,,,,,,,,,,,,,,,,,,,,,,,,,,,,,,
指令,程序,执行,指令,命令,调度,响应,启动,返回,权限,请求,接收,坐标,通讯,强制,指示,监听,操纵,作出,消息传递,口令,发出,监视,接到,指挥,看门狗,执行程序,服从,下达,撤销,按下,能动,环路,接管,送入,紧急,听从,警报,手势,应答,威慑,指派,撤消,上级,警告,可对,情报,劫持,暂停,呼叫,传入,快速反应,,,,,,,,,,,,,,,,,,,,,,,,,,,,,,,,,,,,,,,,,,,,,,,,,,,,,,,,,,,,,,,,,,,,,,,,,,,,,,,,,,,,,,,,,,,,,,,,,,,,,,,,,,,,,,,,,,,,,,,,,,,,,,,,,,,,,,,,,,,,,,,,,,,,,,,,,,,,,,,,,,,,,,,,,,,,,,,,,,,,
基本原理,基本概念,概述,基本原理,模型,算法,利用,法,实例,特性,基本知识,构造,分析方法,分支,基础理论,概论,模拟,系统地,计算方法,要素,特定,术语,判别,仿真,本质,正确理解,异同,分析法,基本特征,系统分析,机理,用到,法等,结构图,定量,基本规律,基本要素,介质,逆向,局限性,基本思路,理论体系,三要素,专家系统,方法学,常识,类比,不同点,动力学,理论依据,法将,理论指导,成因,法对,形态学,基本模式,相同点,导引,分子,定量分析,识别方法,模拟实验,演化过程,深入研究,媒介,定性分析,专业术语,模拟系统,图谱,基本成分,提炼出,特定条件,字面,错误认识,杠杆原理,总论,成本法,相容性,基本要领,试述,技术相结合,法来,关键步骤,测量法,计量,比较法,,,,,,,,,,,,,,,,,,,,,,,,,,,,,,,,,,,,,,,,,,,,,,,,,,,,,,,,,,,,,,,,,,,,,,,,,,,,,,,,,,,,,,,,,,,,,,,,,,,,,,,,,,,,,,,,,,,,,,,,,,,,,,,,,,,,,,,,,,,,,,,,,,
基础设施,环境,需求,硬件,资源,公共,建设,网络安全,软硬件,现代化,部署,接入,连通性,底层,大规模,应用环境,配套,交通,城市,电力,可用性,建,医疗,购物,基础设施,服务质量,夯实,环境保护,周边,集中式,桥梁,近邻,建造,移动性,建好,企业应用,人口,投入,超市,干线,地区,输送,社区,自动售货机,公里,自然环境,资产,闲置,互操作性,石油,开发计划,功能齐全,铺设,互联互通,整体规划,庞大,脆弱性,固定资产,建成,安防,选址,信息网络,能源,劳动力,设施,低成本,住宅,印度,太阳能,制造业,商店,本地化,交通运输,能源安全,对外开放,终端用户,用户数量,联通,便利,机场,行动计划,供水系统,比较落后,拉美,航空,功能完善,建站,银行业务,金矿,硬件资源,,,,,,,,,,,,,,,,,,,,,,,,,,,,,,,,,,,,,,,,,,,,,,,,,,,,,,,,,,,,,,,,,,,,,,,,,,,,,,,,,,,,,,,,,,,,,,,,,,,,,,,,,,,,,,,,,,,,,,,,,,,,,,,,,,,,,,,,,,,,,,
政权,政治,入侵,重用,邻接,分治,民族,民主,军事,战争,政党,政权,外交,军队,斗争,灭亡,国内形势,侵略,发动,统治,内战,君主专制,兵员,民族意识,夺取,共和国,专政,权力,武装,根本利益,分裂,移民,和平,地主阶级,皇后,倾,推翻,过渡时期,外交政策,反意,爱国者,政治经济,势力,执政,历史教训,统的,教权,政治体制,军方,灭,军,刘启,政治权利,功绩,战略防御,殖民,政体,围剿,宣战,萧绎,民众,战略方针,消灭,图谋,西进,代行,当家作主,民意,附庸,培植,人民共和国,有功,首都,汉化,主权,贵国,殖民地,拥护,汉,从属,三权分立,理政,建国,倒行逆施,政治腐败,阅兵式,承平,武装力量,领导人,长安,内阁,东欧,奴隶制度,领土,起用,地缘,新教徒,依附,残暴,政治危机,军力,牵制,打败,分而治之,游牧,大捷,殖民统治,自立,朝廷,周边国家,领导权,,,,,,,,,,,,,,,,,,,,,,,,,,,,,,,,,,,,,,,,,,,,,,,,,,,,,,,,,,,,,,,,,,,,,,,,,,,,,,,,,,,,,,,,,,,,,,,,,,,,,,,,,,,,,,,,,,,,,,,,,
采用,采用,形式,式,相结合,配置,选用,传统,方案,用于,最新,对称,制,所用,曲面,加,专用,多层,常规,前驱,可变,概念设计,辅以,改为,推出,外观,用非,全新,供选择,自行设计,独立式,双层,后置,外形,闭式,ls,上以,非对称,配备,双曲,前置,可选,紧凑,借鉴,外观设计,异型,移至,以单,单层,及侧,基本相同,使该,矩阵式,上用,其前,设有,值得注意,换成,独创,双循环,双曲面,双边,,,,,,,,,,,,,,,,,,,,,,,,,,,,,,,,,,,,,,,,,,,,,,,,,,,,,,,,,,,,,,,,,,,,,,,,,,,,,,,,,,,,,,,,,,,,,,,,,,,,,,,,,,,,,,,,,,,,,,,,,,,,,,,,,,,,,,,,,,,,,,,,,,,,,,,,,,,,,,,,,,,,,,,,,,
郑,周,宏,冯,程,律,谢,子群,公,广东,青年,孙,统,叶,出列,柯,吴,史,欧氏,二位,袁,杨威,韬,南,棣,廉,和文,范,杨氏,罗,潘,伯,傅,潍坊,赵,雷,声道,鄢,逊,郑,尚,范明,万,永和,禇,肖冰,洪涛,华成,余三,凌云,振,粲,李心,吴宁,乐天,八子,黄,伶,鹏程,人杰,兴国,卜,明德,成文,蒋,少华,朱青,书院,崇义,鄂,邦,张越,秦,综,赵松,东明,文波,张路,龚,兴华,致谢,扬帆,余,殷,国兴,将程,邹,狄,朱,海,吴建平,瀛,方敏,赵兵,康华,联,丰,南京,邓,兴,湘,武汉,李威,奕,杨林,文光,施,司,吴英,,,,,,,,,,,,,,,,,,,,,,,,,,,,,,,,,,,,,,,,,,,,,,,,,,,,,,,,,,,,,,,,,,,,,,,,,,,,,,,,,,,,,,,,,,,,,,,,,,,,,,,,,,,,,,,,,,,,,,,,,,,
编写程序,计算机,程序设计,编程,编写,运算,计算机系统,建模,数据库系统,汇编语言,数据处理,键盘,逻辑运算,编程语言,源程序,微机,编程技术,编写程序,演算,科学计算,单片机,多线程,键盘输入,利用计算机,计算机病毒,上机操作,测试工具,软件工具,指令集,程序语言,电脑,编写出,开发软件,计算机程序,机器语言,程序代码,遗传算法,作图,计算能力,开发人员,编程序,图形界面,协同工作,机器人,浮点运算,图形化,数模,计算器,数学计算,穷举,黑客技术,爬虫,并行计算,加减乘除,控制程序,电脑设计,程式,大型软件,拼图游戏,文字处理,开动脑筋,软件程序,excel,设计员,,,,,,,,,,,,,,,,,,,,,,,,,,,,,,,,,,,,,,,,,,,,,,,,,,,,,,,,,,,,,,,,,,,,,,,,,,,,,,,,,,,,,,,,,,,,,,,,,,,,,,,,,,,,,,,,,,,,,,,,,,,,,,,,,,,,,,,,,,,,,,,,,,,,,,,,,,,,,,,,,,,,,,,,
几组,动作,一组,每组,成组,粗略,姿势,从图,一对对,图来,第二组,照片,多组,举,几组,组间,完后,热身,做个,几件,组接,两张,记录下来,第一组,,,,,,,,,,,,,,,,,,,,,,,,,,,,,,,,,,,,,,,,,,,,,,,,,,,,,,,,,,,,,,,,,,,,,,,,,,,,,,,,,,,,,,,,,,,,,,,,,,,,,,,,,,,,,,,,,,,,,,,,,,,,,,,,,,,,,,,,,,,,,,,,,,,,,,,,,,,,,,,,,,,,,,,,,,,,,,,,,,,,,,,,,,,,,,,,,,,,,,,,,,,,,,,,
李,编译,子,编辑,审核,路由,源,编,北京,系,报,广,名,英,来源,排版,指导老师,陈,幂,李,刘,林,科,张,兼,钟,王珊,记,吉,明,发,王勇,郭军,小波,张玲,孙伟,李刚,曲,沈阳,文,春晓,王伟,马,杨,王晓东,王,芝,一名,思,海明,李芳,刘建伟,生,上前,胡波,胡,袁方,王鹏,兰,安,木林,磊,建平,社,平,被查,醇,大伟,犯,陕西,王旭,松,孙阳,田中,主持会议,赵志刚,何勇,王生,恐,勤,幺,郭鹏,歌,助理,张宁,情,图为,言,李月,满江,男,文文,姜,汪涛,审校,王爽,许,乃文,络,李涛,吴丹,欣欣,盛,张晶,赵燕,刘晨,刘伟,张凯,赵伟,陈少华,杨正,莺,丁,张义,先是,李娜,刘鹏,哥,李晶,博,哈西,益民,仁,李莉,申,智,周涛,辑,瑞,刘辉,主任,炜,王红,亚平,马斌,甘,中林,王磊,熊,王平,唐颖,简,舒怀,韦,刘凯,谭,张莹,介,对包,汤子,摄影,长顺,惠,发和,林生,随即,,,,,,,,,,,,,,,,,,,,,,,,,,,,,,,,,,,,,,,,,,,,,,,,,,,,,,,,,,,,,,,,,,,,,,,,,,,,
一章,绪论,更新,章节,完本,一章,每章,第一篇,第二篇,十二章,十一章,四点,三页,字数,先写,五节,这章,二章,,,,,,,,,,,,,,,,,,,,,,,,,,,,,,,,,,,,,,,,,,,,,,,,,,,,,,,,,,,,,,,,,,,,,,,,,,,,,,,,,,,,,,,,,,,,,,,,,,,,,,,,,,,,,,,,,,,,,,,,,,,,,,,,,,,,,,,,,,,,,,,,,,,,,,,,,,,,,,,,,,,,,,,,,,,,,,,,,,,,,,,,,,,,,,,,,,,,,,,,,,,,,,,,,,,,,,
字幕,动画,文字,屏幕,播放,帧,素材,特效,视听,节拍,磁带,录制,幻灯片,电视,录音,监视器,剪辑,输入法,原版,翻译器,电视节目,淡入,字幕,闪回,乱码,无码,镜头,摄像机,观后感,片断,背景音乐,水印,投影仪,大屏幕,幻灯,后期合成,逐帧,分镜头,表情,宝莱坞,原声,vj,聊天室,配音,片段,放映,正片,新闻节目,双人舞,跑马灯,舞曲,mv,剪接,录像机,拼字,电影胶片,打字,幕,,,,,,,,,,,,,,,,,,,,,,,,,,,,,,,,,,,,,,,,,,,,,,,,,,,,,,,,,,,,,,,,,,,,,,,,,,,,,,,,,,,,,,,,,,,,,,,,,,,,,,,,,,,,,,,,,,,,,,,,,,,,,,,,,,,,,,,,,,,,,,,,,,,,,,,,,,,,,,,,,,,,,,,,,,,,,,
上课,上机,训练,课堂,教师,课,实验报告,复习,选修课,课件,课后,期末,板书,老师,同学,选课,平时,不及格,学校,实验课,每次,讲座,课时,班,预习,学期,开课,图书馆,半小时,出勤,空闲,考勤,讲课,辅导,小组讨论,任课教师,黑板,高年级,全校,上网,课是,操练,班级,师生,教室,上课,一年级,说话,校园,认真完成,迟到,孩子,中学,一堂课,学习态度,班上,校园生活,每周,缺勤,聊天,教研室,事假,记笔记,每学期,作业题,随堂,校外,二年级,病假,每节课,分组讨论,课前预习,教案,课外作业,备课,高中,全校学生,课堂作业,本学期,批改,下次,课下,坐,做习题,教务,进餐,学期末,念,读书,努力学习,当堂,点名,主课,玩,缺课,坐下,作业量,校规,挨打,坐在,小组活动,教研组,早上,三年级,校门,初高中,周日,还书,勤奋学习,书本,低年级,训,课让,早退,顶岗,体育课,稍息,半天,讲学,布置任务,教学进度,批阅,课要,班会,课在,工位,学习成绩,小组长,中小学生,年级,兴趣小组,到校,讲评,队列训练,课前,全班学生,第一天,军训,周记,爬山,校歌,课有,回来,第二天,课堂纪律,锻炼身体,下班,起立,分班,出勤率,跳舞,物理课,结对,辅导教师,开学典礼,食堂,宿舍,点到,出差,借书,查资料,校内,校长,家长,,,,,,,,,,,,,,,,,,,,,,,,,,,,,,,,,,,,,,,,,,,,,,,,,,,,,,,,,,,,,,,,,,,,
沿革,名称,时序,概况,文献,发展史,简史,秩,文献资料,历史背景,沿革,演进,国史,兴衰,详尽,变迁,悠久,史料,析,隶属,址,悉,家谱,附设,历史渊源,校史,列传,历史沿革,所分,载,历任,基址,编修,扼要,,,,,,,,,,,,,,,,,,,,,,,,,,,,,,,,,,,,,,,,,,,,,,,,,,,,,,,,,,,,,,,,,,,,,,,,,,,,,,,,,,,,,,,,,,,,,,,,,,,,,,,,,,,,,,,,,,,,,,,,,,,,,,,,,,,,,,,,,,,,,,,,,,,,,,,,,,,,,,,,,,,,,,,,,,,,,,,,,,,,,,,,,,,,,,,,,,,,,,
短期,后续,运行,支撑,策略,指标,建议,较强,连续,信号,实体,周期,趋势,总体,热点,技术指标,实质,区间,预期,市场,半导体,事件驱动,持续,较大,前期,效应,压力,均值,不确定性,技术性,形态,处于,确定性,临界,拐点,小规模,反复,增量,局部性,指数,中值,反转,发散,可重,较长,受,两周,周期性,消化,博弈,主板,三线,后期,变化率,近期,本周,黄金,预计,波动,周四,收益,周一,投资者,中线,实质性,期,收益率,自上,振荡,中期,单边,周五,亏损,向下,动能,流入,态势,过渡性,下周,有补,利率,板块,振幅,长期,盈亏,波动性,分时,股票,回调,走势,负值,该行,阶段性,分化,底,年末,成交量,初有,向上,稳健,恢复性,宏观经济,美林,周期长,如本,高风险,上行,天然气,短期,库存,出货,突破,原油,调控,缓冲期,较弱,市场预测,较优,合约,截止,周二,周三,冲量,信贷,月度,明日,不补,寻道,最低价,盈利,二周,流动资金,,,,,,,,,,,,,,,,,,,,,,,,,,,,,,,,,,,,,,,,,,,,,,,,,,,,,,,,,,,,,,,,,,,,,,,,,,,,,,,,,,,,,,,,,,,,,,,,,,,,
思想,实践,思想,逻辑,教育,思维,意识,思路,精神,思考,态度,领会,观点,认知,体会,理念,自我,深刻理解,启发,始终,日常生活,世界观,艺术,人生观,观念,价值观,个体,观,自觉,情感,深刻,坚定,自由,懂得,层面,事物,工作作风,主观,作风,独立思考,立场,主动性,方针,映像,表达方式,智慧,信念,责任感,洞察,记忆,哲学,内在,指导思想,能动性,心理,伦理,求实,物质,深刻领会,经验教训,理想信念,固有,意识形态,脱离,主义,美学,正确看待,修养,端正,忠诚,践行,人际关系,形象,勤于思考,人格,性格特征,历史观,阶级,学说,治学,人生价值,心,自我教育,真理,启示,道德观,贯彻,品格,讲话,价值体系,表达出来,现实生活,灵魂,恋爱观,明辨是非,识,糊涂,唯物主义,见解,勇于,上层建筑,感情,意志,实践者,尺度,坚定信念,治国,熏陶,情绪,主要矛盾,与时俱进,东西,事例,思维习惯,力量,思潮,自我意识,社会意识,自力,印象,从根,使命感,爱好,从小到大,身心,时代精神,新思维,创造力,牢记,自控力,能流,提倡,冲动,启迪,宗教信仰,眼里,坚持真理,脱离实际,觉悟,取向,求真,盲动,感性,居安思危,自信心,想法,自尊,安贫乐道,身体力行,思想解放,升华,性格,性别角色,择偶观,道理,老一辈,自励,错误思想,德治,眼中,思想体系,分辨是非,明理,束缚,笃实,眼光,求知,虚心学习,恋爱婚姻,信仰者,创业精神,理性,思想观念,深远,潜移默化,消极,处事,积极向上,经验主义,放眼世界,性心理,审美,人生态度,父母,儒家,正确对待,兼爱,思想认识,教条主义,点子,目的性,从心,汲取,自我认识,解放思想,崇尚,自强,交往,大脑,知行合一,信仰,惰性,非暴力,婚姻观,心态,思想观点,学风,脑,时代背景,枷锁,感召力,老子,诸子百家,清教徒,勤学,做人,不专,躬行,宗教,历史使命感,职场,物质基础,空想,明辨,自省,,,,,,,
配置文件,数据库,创建,访问,调用,应用程序,模块,内存,初始化,链接,视图,文件系统,自定义,映射,触发器,异步,程序运行,目录,菜单,死锁,磁盘,封装,控件,备份,测试用例,客户端,脚本,冗余,驱动程序,版本,复用,浏览器,存储空间,批处理,管理器,堆栈,数据仓库,读取,源代码,web,缓冲区,表单,窗体,命令行,类库,用例,日志,配置文件,安全策略,编辑器,过滤器,管理工具,适配器,工具栏,linux,控制台,服务器端,缓存,文件夹,配置管理,测试计划,数据备份,加载,默认,导出,导入,系统配置,模拟器,后序,数据包,容错,存储容量,xml,写入,文件目录,手动,卸载,镜像,服务端,中间件,config,图层,可执行文件,application,主程序,例程,环境变量,调优,cache,包中,session,滚动条,shell,路由表,机箱,多表,虚拟机,源码,虚拟内存,etc,管理程序,监听器,条目,插件,软件包,木马,拖动,单击,图元,重定向,共享内存,重命名,init,用户手册,安全等级,协处理器,样例,加锁,注解,复选框,发行版,系统资源,servlet,程序管理,gcc,下拉菜单,unix,eclipse,拦截器,apache,固件,控制面板,boot,注册表,系统启动,功能表,菜单项,fork,测试环境,debug,缺省,root,快捷方式,查杀,从文件,音频系统,保证数据,病毒程序,页眉,方向键,timer,快捷键,浏览者,首选项,dns,plugin,导入到,快照,显卡,ssh,回收站,css,跨平台,复制到,ccs,schema,command,虚拟环境,参数设置,开始菜单,双击,蒙版,user,分区表,桌面背景,蒙板,还原卡,总表,恶意软件,跳线,后台程序,绝对路径,个人主页,错误信息,恶意代码,擦除,hadoop,opengl,单线程,ptr,activity,机器运行,console,jdk,flask,头文件,素材库,攻击者,二级缓存,server,磁盘驱动器,适配,js,pos,拖放,遮罩,id,声卡,轮询,磁盘分区,相册,机器码,回滚,layout,子目录,获取数据,主机名,贴图,自启动,视口,内存空间,恶意程序,bash,相机,工具条,,,,,,,
振荡器,电子,电路,控制器,微处理器,定时器,程序控制,器件,可编程,数字电路,自动机,黑盒,波形,元件,引脚,脉冲,采样,差分,回路,正弦,转换器,浮点,耦合,电阻,原理图,频域,二极管,滤波器,滤波,电路设计,有源,功率,阵列,噪声,编码器,信号处理,负载,电流,三极管,模拟信号,振荡器,半导体器件,稳态,电压,发生器,前束,电平,仪器,示波器,数码管,频谱,光栅,电路板,磁,数字音频,运放,射频,电路图,放大器,单级,稳压电源,分频器,场效应管,方波,负反馈,阻抗,模拟量,晶体管,稳压,分配器,校准,计时器,时域,接法,检测器,缓冲器,并联,组态,整流,解调,相位差,数字信号,电子电路,振动,静电场,正弦波,电容,单管,载波,电位,步进,频带,控制电路,频率响应,导电,唱盘,高频,万用表,多普勒,声速,直流电源,分压,单摆,微波,电子器件,三相,微控制器,红外,液晶,偏置,低电平,电子仪器,管脚,音量,波长,分频,电功率,变阻器,集电极,成像,单相,实验台,赫兹,通量,谐振,电动势,驱动器,直流电,彩色电视,输出功率,母线,抗干扰,表在,光谱,稳压管,温度传感器,导体,硅脂,流体,电子钟,指针式,调速,功放,热敏电阻,力矩,改性,占空比,分析仪,用表,稳压器,处理单元,混合器,导电性,主机板,沟道,测量误差,天线,传送器,接收端,四元,频响,瞬态,电烙铁,偏振光,耦,响度,功率因数,电场,音质,超声波,记录器,内阻,电磁波,调音台,制备,千分尺,极化,放电,门限,单极,低频,线电压,接点,电荷,磁性,合成器,扬声器,微安,串接,硅油,电感,开关电源,电磁,电压表,灵敏度,互锁,交流电,水基,阻尼,自由电子,纳米,电流表,高容量,离子,球法,晶体结构,同轴,开环,机械波,相电压,恒压,打印头,等离子体,电信号,电容器,激光器,磁化,桥式,待测,电磁感应,硅,电位差,无源,量程,测量仪,声学,聚醚,红外光,过压,蜂鸣器,可控硅,
this,while,if,a,参考资料,break,句,continue,道,参考文献,out,catch,try,this,include,finally,word,vi,response,super,flash,read,i,that,until,wait,write,as,next,exit,exception,survive,not,parent,final,make,listening,start,margin,anyway,ensure,abandon,loop,find,option,inspire,schedule,expand,available,throw,todo,button,reference,bean,self,previous,absolutely,see,deserve,signal,mostly,reveal,move,bell,result,search,fade,handle,dean,apply,bottom,proof,stretch,year,constant,purchase,eventually,but,達,escape,pipe,junior,class,help,ones,statement,transition,中宏,each,div,completion,routine,part,down,decade,tick,run,too,return,style,to,process,get,then,cash,is,does,mistake,contract,menu,kiki,gets,before,access,destroy,register,score,connection,crash,success,did,tree,define,wilson,ve,mail,push,stop,throws,account,sort,window,rose,kill,question,pop,,,,,,,,,,,,,,,,,,,,,,,,,,,,,,,,,,,,,,,,,,,,,,,,,,,,,,,,,,,,,,,,,,,,,,,,,,,,,,,,,,,,,,,,,,,,,,,,
现有,开发,包括,建立,具备,涉及,扩展,开设,优化,规划,完整,现状,评估,架构,进度,外部,库,外,引入,数量,命名,编制,小型,现有,占,规模,置换,可行性,合并,扩充,已有,为例,面积,已知,组建,拟,匹配,改造,共用,套,之外,发展前景,单个,单一,新建,现状及,原,样本,构架,拓宽,变更,新增,一套,可行,合计,现,拥有,潜在,限于,储备,复杂程度,占用,列为,兼容,总数,现阶段,中小型,取代,剩余,接纳,原先,所属,储备量,启用,总长度,裁减,重建,覆盖面,大中型,多人,原有,纳入,共计,条件成熟,原生,先期,扩容,旧,引进,比达,相适应,前述,现已,米,上仅,逐步完善,有别,另设,新开,开发新,支持性,尚存,存储量,填补,近三年,筹建,多条,此项,甲,开通,永久,最初,另有,,,,,,,,,,,,,,,,,,,,,,,,,,,,,,,,,,,,,,,,,,,,,,,,,,,,,,,,,,,,,,,,,,,,,,,,,,,,,,,,,,,,,,,,,,,,,,,,,,,,,,,,,,,,,,,,,,,,,,,
书面材料,报告,提交,书面,打印,盖章,填写,提纲,答辩,陈述,申请,报告书,任务书,仲裁,表等,签名,审查,予以考虑,上交,信件,纸质,处理结果,书信,写明,备忘录,协商,条理清楚,检查表,证据,总结报告,问卷,报表,审阅,装订成册,公示,并打印,真实性,履行义务,填表,慰问信,逐项,便条,计划书,信函,写清,邀请信,承诺书,电子签名,直接证明,复印件,进度表,求职信,有效期限,财务报表,实地调查,簿,评审组,修改意见,纪律处分,文字说明,核对,归档,章子,转述,原始记录,听取,评议,未留,整改意见,记录本,取证,调查过程,书面材料,档案,待查,写信,组织关系,身份证明,解聘,签订合同,个人简历,深入调查,调查报告,存档,互评,学生档案,人证,签订,附件,由该,感谢信,损益表,审定,账务,手写,所在单位,草拟,申请表,复印机,函,申报,自收,复印,,,,,,,,,,,,,,,,,,,,,,,,,,,,,,,,,,,,,,,,,,,,,,,,,,,,,,,,,,,,,,,,,,,,,,,,,,,,,,,,,,,,,,,,,,,,,,,,,,,,,,,,,,,,,,,,,,,,,,,,,,,,,,,,,
条边,线,长度,直线,最短,条,弧长,多边形,三角形,切线,对角,矩形,宽度,平方,梯形,周长,最大公约数,夹角,宽,等距,线段,字形,端点,中点,泳道,各点,公倍数,角,角形,右端,面宽,直角,块数,有边,左端,求图,数比,个根,表面积,mn,头到,根数,个点,橡皮筋,条数,锐角,edf,交线,于点,数大,条边,各边,高线,字型,对角线,折线,若干条,,,,,,,,,,,,,,,,,,,,,,,,,,,,,,,,,,,,,,,,,,,,,,,,,,,,,,,,,,,,,,,,,,,,,,,,,,,,,,,,,,,,,,,,,,,,,,,,,,,,,,,,,,,,,,,,,,,,,,,,,,,,,,,,,,,,,,,,,,,,,,,,,,,,,,,,,,,,,,,,,,,,,,,,,,,,,,,
主要参数,参数,性能指标,优缺点,大小,测试方法,说明书,规格,测量,容量,粒度,图及,选型,优劣,测试报告,等效,和表,主要参数,性能参数,比值,测,选购,测定,型号,测试数据,测量方法,技术参数,质量指标,单机,评测,标准型,与表,表是,产品简介,弹性模量,尺寸,机型,kn,主频,基本一致,单台,曲线图,限值,重量,点距,代号,如表,购机,测试项目,游标卡尺,截面积,余量,样品,测定方法,具体型号,机和,模数,硬指标,由表,,,,,,,,,,,,,,,,,,,,,,,,,,,,,,,,,,,,,,,,,,,,,,,,,,,,,,,,,,,,,,,,,,,,,,,,,,,,,,,,,,,,,,,,,,,,,,,,,,,,,,,,,,,,,,,,,,,,,,,,,,,,,,,,,,,,,,,,,,,,,,,,,,,,,,,,,,,,,,,,,,,,,,,,,,,,,
很难,简单,时,原因,最终,程度,难度,先,概率,有限,状况,至少,想象,估计,这一,话,小结,各种因素,办法,走,缺点,能用,很大,未能,缺少,比较简单,是从,地方,第一次,走样,找到,想,情景,中能,上能,只能,可能性,实际上,有没有,不好,足够,之内,难以,面对,阴影,不太,能以,根本原因,比较复杂,尚未,死循环,难于,难,很广,很快,无人,欠缺,陷入,缺乏,较难,是因为,看得见,各种各样,还会,试问,长时间,要会,确实,极差,内能,被忽视,角度看,无从谈起,最能,外界,里会,行不通,过早,上要,想要,不到,不长,很难,依然,总会,难度很大,并不大,几次,所能,试图,远远,碰到,得不到,时能,局限,一件,更难,未曾,不难,能过,不大可能,缺乏经验,并未,能带,怪圈,百分之百,也许,有人,寸步难行,有时候,实在,同理,当一,关键在于,,,,,,,,,,,,,,,,,,,,,,,,,,,,,,,,,,,,,,,,,,,,,,,,,,,,,,,,,,,,,,,,,,,,,,,,,,,,,,,,,,,,,,,,,,,,,,,,,,,,,,,,,,,,,,,,,,,,,,
修正,初步,转换,验证,测试,判断,正确性,修改,改进,观察,错误,调整,判定,估算,重复,确认,误差,初始,反馈,周数,二次,放大,空,校正,纠正,修正,基准,初值,渐进,纠错,修补,步,补足,偏移,反向,补,收回,当周,变动,佐证,改良,更改,调适,概略,偏差,微调,追加,惯性,终值,改正,分析判断,次后,回退,预设,比前,完全符合,换算,补全,回,更正,移,暗示,分后,不足之处,同上,推算,修整,,,,,,,,,,,,,,,,,,,,,,,,,,,,,,,,,,,,,,,,,,,,,,,,,,,,,,,,,,,,,,,,,,,,,,,,,,,,,,,,,,,,,,,,,,,,,,,,,,,,,,,,,,,,,,,,,,,,,,,,,,,,,,,,,,,,,,,,,,,,,,,,,,,,,,,,,,,,,,,,,,,,,
主旨,目的,意义,表达,含义,着重,主题,阐述,细节,内核,内涵,阐明,段落,命题,围绕,侧重于,对话,概括,篇章,承上启下,宗旨,表述,目,义,说明文,以此,揭示,范例,文体,连贯,叙述,中心思想,篇幅,简练,纲要,大纲,描写,侧重,思路清晰,通俗易懂,中所,涵义,标题,条理清晰,传达,主线,脉络,构思,主旨,核心思想,充分体现,体裁,穿插,伟大意义,简明,简明扼要,结束语,提炼,重在,中用,叙事,论据,这句,开篇,方略,自拟,隐喻,开头,引申,例证,关键点,阐释,暗喻,核心内容,求精,宏大,所作,求是,前半部,要义,聚焦,出发点,所要,弦外之音,切入点,小节,赏析,立论,由头,不拘一格,精神实质,第五回,纲领,侧重点,谋篇布局,意,潜台词,匹夫有责,首尾呼应,提要,第三段,而设,路数,对以,不以,紧紧围绕,基本点,反复强调,结尾,诚,破阵子,切题,第二段,字里行间,引,精练,,,,,,,,,,,,,,,,,,,,,,,,,,,,,,,,,,,,,,,,,,,,,,,,,,,,,,,,,,,,,,,,,,,,,,,,,,,,,,,,,,,,,,,,,,,,,,,,,,,,,,,,,,,,,,,,,,,,
改革,提出,进程,探索,政策,制度,体制,改革,运行机制,深化,归并,推进,中央,变革,着力,改,重组,依法治国,从严治党,历史性,贯彻落实,改革方案,方针政策,积极探索,明确提出,总体方案,分配机制,历次,利民,深化改革,重要讲话,人事,教改,管理层,决策层,勇于创新,大局,事业部制,这项,带头,新动向,政策方针,遴选,对内,成建制,认真贯彻,反腐倡廉,开放政策,各省,党的建设,中方,举措,油气,强省,总任务,简并,土地改革,队伍,两会,,,,,,,,,,,,,,,,,,,,,,,,,,,,,,,,,,,,,,,,,,,,,,,,,,,,,,,,,,,,,,,,,,,,,,,,,,,,,,,,,,,,,,,,,,,,,,,,,,,,,,,,,,,,,,,,,,,,,,,,,,,,,,,,,,,,,,,,,,,,,,,,,,,,,,,,,,,,,,,,,,,,,,,,,,,,,
趣味性,兴趣,锻炼,互动,实用性,游戏,体验,创新性,知识性,新颖,趣味性,个性,可读性,交互性,创意,真实感,动脑,娱乐,体育运动,多样性,操作性,专业性,乐趣,性强,有趣,启发性,条理性,枯燥乏味,随机性,体验性,可选择性,生动有趣,贴近生活,情趣,策略性,动态效果,时代感,生动活泼,参与性,可塑性,趣,表达力,方便性,大众性,艺术性,角色扮演,表现力,趣味无穷,技巧性,新创意,玩转,耐玩,竞答,自由度,挑战性,,,,,,,,,,,,,,,,,,,,,,,,,,,,,,,,,,,,,,,,,,,,,,,,,,,,,,,,,,,,,,,,,,,,,,,,,,,,,,,,,,,,,,,,,,,,,,,,,,,,,,,,,,,,,,,,,,,,,,,,,,,,,,,,,,,,,,,,,,,,,,,,,,,,,,,,,,,,,,,,,,,,,,,,,,,,,,,,,
日趋,异常,面临,竞争,演变,正,越来越,形势,制约,诸多,渗透到,最为,几何级数,变得,增多,渗透,数项,趋,复杂化,混乱,推移,频繁,遍及,渐增,多国,趋于,越来越快,近年,市场需求,日益频繁,层出不穷,受到重视,应运而生,前所未有,愈来愈多,不可避免,主导地位,日益增长,断,接受程度,短缺,已较,供不应求,常态,陷于,日趋,早已,老龄化,愈来愈,饱和,渐渐,频发,屡见不鲜,,,,,,,,,,,,,,,,,,,,,,,,,,,,,,,,,,,,,,,,,,,,,,,,,,,,,,,,,,,,,,,,,,,,,,,,,,,,,,,,,,,,,,,,,,,,,,,,,,,,,,,,,,,,,,,,,,,,,,,,,,,,,,,,,,,,,,,,,,,,,,,,,,,,,,,,,,,,,,,,,,,,,,,,,,,,,,,,,,,
面像,二分,面,一元,五角,面像,印出,一个样,硬币,为头,正面,刘海,人脸,,,,,,,,,,,,,,,,,,,,,,,,,,,,,,,,,,,,,,,,,,,,,,,,,,,,,,,,,,,,,,,,,,,,,,,,,,,,,,,,,,,,,,,,,,,,,,,,,,,,,,,,,,,,,,,,,,,,,,,,,,,,,,,,,,,,,,,,,,,,,,,,,,,,,,,,,,,,,,,,,,,,,,,,,,,,,,,,,,,,,,,,,,,,,,,,,,,,,,,,,,,,,,,,,,,,,,,,,,,
统考,专业课,考试,期末考试,及格,笔试,试,平时成绩,总成绩,闭卷,院校,考核成绩,控制线,片内,评阅,综合测试,教育部,闭卷考试,考试成绩,试卷,文理,科目,总分,国家教育部,入学考试,考,单科,安徽省,志愿,四川省,开卷,八中,平均分,开卷考试,百分制,考生,师范类,口试,操作题,成绩表,报名,作文题目,主观题,独立设置,四六级,艺体,科举,统考,机试,面试,教师资格,大学语文,英语六级,,,,,,,,,,,,,,,,,,,,,,,,,,,,,,,,,,,,,,,,,,,,,,,,,,,,,,,,,,,,,,,,,,,,,,,,,,,,,,,,,,,,,,,,,,,,,,,,,,,,,,,,,,,,,,,,,,,,,,,,,,,,,,,,,,,,,,,,,,,,,,,,,,,,,,,,,,,,,,,,,,,,,,,,,,,,,,,,,,,
求主,父,用主,教会,善行,求主,权能,神,以主,行善,爱是,藉,悦纳,必在,,,,,,,,,,,,,,,,,,,,,,,,,,,,,,,,,,,,,,,,,,,,,,,,,,,,,,,,,,,,,,,,,,,,,,,,,,,,,,,,,,,,,,,,,,,,,,,,,,,,,,,,,,,,,,,,,,,,,,,,,,,,,,,,,,,,,,,,,,,,,,,,,,,,,,,,,,,,,,,,,,,,,,,,,,,,,,,,,,,,,,,,,,,,,,,,,,,,,,,,,,,,,,,,,,,,,,,,,,
买办,银行家,富,上海,文氏,报童,徽商,孙家,帐簿,厂主,晋商,头等,三元里,钟点,货郎,冯氏,买办,商人,张家,税赋,张胜,富国,,,,,,,,,,,,,,,,,,,,,,,,,,,,,,,,,,,,,,,,,,,,,,,,,,,,,,,,,,,,,,,,,,,,,,,,,,,,,,,,,,,,,,,,,,,,,,,,,,,,,,,,,,,,,,,,,,,,,,,,,,,,,,,,,,,,,,,,,,,,,,,,,,,,,,,,,,,,,,,,,,,,,,,,,,,,,,,,,,,,,,,,,,,,,,,,,,,,,,,,,,,,,,,,,,
表达式,函数,表达式,求解,变量,输入输出,公式,图形,线性,常量,等价,方程,一维,乘法,数据模型,求法,给定,向量,流程图,表示法,示例,推导,解法,微分,加法,例子,多项式,会求,互斥,谓词,微分方程,系数,物理量,化简,极值,正交,转换成,非线性,前序,常数,约束条件,图表,导数,收敛性,并集,数列,求导,四则运算,矢量,最大值,假设,算子,框图,通解,梯度,方程组,求值,除法,插值,举例说明,余弦,方差,直方图,减法,最小值,反函数,行列式,法线,正态分布,生成器,三角函数,初始条件,乘除,概率分布,坐标系,极坐标,相关系数,求函数,复数,下标,无穷大,真值,周期函数,拟合,充分条件,归纳法,特征值,展开式,原函数,线性规划,线性相关,计算公式,取值,查表,随机变量,代换,即该,等式,聚类分析,正整数,关系式,有效数字,线性关系,渐近线,刚体,用定,单位向量,指数函数,分析模型,充要条件,内积,乘数,能求,项为,邻域,值域,ln,不等式,最值,可导,边界条件,相乘,cosx,标量,代数和,正负,标准差,置信区间,乘积,读数,缩放,取整,实数,定义域,奇偶性,假定,空集,自变量,y,欧姆定律,对图,流式,反证法,记为,求出,有效值,计算结果,补集,有理数,并求,初始状态,图所,所示,相除,初始值,三视图,sum,值时,共轭,图象,代入,省略,sinx,近似值,坐标轴,步长,右移,出该,质点,绝对值,左移,某点,共价,相减,对数,图形符号,归一化,平均速度,试求,表不,ax,式子,除以,爆破音,题意,记作,圆周率,置信度,反演,variable,值为,截距,动能定理,方程式,计算出来,各题,行数,参数值,触点,乘方,等差数列,阶乘,碱金属,质心,序数,动量定理,图线,估计值,杂化,主句,反例,电势,非零,恒等,题中,频数,分式,定值,排列组合,方差分析,现值,机械能,鲁棒性,,,,,,,,,
软件工程,计算机科学,软件工程,计算机专业,软件开发,软件设计,计算机硬件,离散数学,程序开发,网络工程,计算机软件,高等数学,软件测试,信息安全,线性代数,数据挖掘,西安电子科技大学,计算机相关,图像处理,数理统计,信息管理,信息检索,主干课程,计算机领域,图形处理,软件技术,电气,程序员,办公自动化,计算机系,信息科学,北京邮电大学,信息工程,电工,动画设计,平面设计,市场营销,管理学,地理信息系统,三维动画,大学物理,数控,西北工业大学,工程学,前端开发,统计学,信息学,管理系,财务管理,人才需求,工程学院,理工类,微电子,大连理工大学,土木工程,通信工程,机械工程,汉语言,经管类,经管,计算机行业,发展前途,机电类,模电,非技术,商务英语,工学,外语类,会计,广告设计,管理科学,生态学,水利水电,软件产业,财务会计,运筹学,,,,,,,,,,,,,,,,,,,,,,,,,,,,,,,,,,,,,,,,,,,,,,,,,,,,,,,,,,,,,,,,,,,,,,,,,,,,,,,,,,,,,,,,,,,,,,,,,,,,,,,,,,,,,,,,,,,,,,,,,,,,,,,,,,,,,,,,,,,,,,,,,,,,,,,,,,,,
生态圈,领域,核心,模式,用户,连接,服务,体系,平台,创新,矩阵,解决方案,团队,构建,互联网,生命周期,驱动,拓展,交互,中心,网,共享,布局,智能,电子商务,业务,链,前沿技术,搭建,环,数字化,战略,整合,融合,消费者,多元,运作,开放,涵盖,产业,商业,海量,数据共享,渠道,国际化,延伸,在线,人才培养,互联,知识产权,业务流程,集群,物流,聚合,商,注入,共享资源,和物,依托,资本,培育,硬件平台,基地,数据安全,电子信息,重构,一体化,载体,网络化,交互方式,连接器,应用服务,运营,资源共享,社交,企业级,生态,杭州,体育,创意设计,泛,融,软件平台,差异化,客户关系,为物,零售,金融,供应链,物联,高端,外延,智能家居,科创,商业模式,合作开发,智能化,位置服务,多元化,打造,产品开发,中小企业,信息流,资源整合,全域,分发,物流配送,物与物,服务提供者,圈,深耕细作,客户服务,衍生,一环,产销,品牌,科技型,到物,良好环境,加速器,商城,配送,优质,服务中心,棱镜,互联网安全,交易中心,互联网服务,构,生态圈,数据服务,辐射,战略重点,创业项目,愿景,海尔,及云,家居,协作关系,闭环,金融服务,为知,构想,以人为本,高新产业,分销,势能,战略规划,提供商,创业者,共建,相互合作,核心理念,及线,相互协作,对接,版块,版权保护,产品线,生态系统,服务体系,知名企业,助力,互利,服务平台,消费市场,,,,,,,,,,,,,,,,,,,,,,,,,,,,,,,,,,,,,,,,,,,,,,,,,,,,,,,,,,,,,,,,,,
宣传,活动,传递,参与,发布,媒体,同行,网上,传播,新闻,对外,推广,策划,新闻报道,销售,公开,网络平台,动员,节目,广告,群众,假,包装,营销,宣讲,可信度,事迹,利用网络,全民,传播方式,余力,港澳台,拍摄,网络营销,促成,影视节目,热门话题,影响力,专题报道,公益活动,促销,和关,海报,防骗,自发,社会公众,要举,新闻稿,拉赞助,下功夫,座谈会,内幕,宣传,声誉,深入基层,防毒,深入群众,拍照,实际效果,宣传片,传播速度,志愿者,通告,公众,大众,广泛传播,澄清,,,,,,,,,,,,,,,,,,,,,,,,,,,,,,,,,,,,,,,,,,,,,,,,,,,,,,,,,,,,,,,,,,,,,,,,,,,,,,,,,,,,,,,,,,,,,,,,,,,,,,,,,,,,,,,,,,,,,,,,,,,,,,,,,,,,,,,,,,,,,,,,,,,,,,,,,,,,,,,,,,,,,
非正式,交换,成员,场合,口头,交际,谈话,握手,简短,友好,会议,相互间,问卷调查,公式化,高层,正式,交谈,团体,多边,中非,英式,中是,非正式,商务活动,出席,舞会,面对面,共餐,问候语,外交部,相互交换,外宾,派对,相关者,华盛顿,集会,,,,,,,,,,,,,,,,,,,,,,,,,,,,,,,,,,,,,,,,,,,,,,,,,,,,,,,,,,,,,,,,,,,,,,,,,,,,,,,,,,,,,,,,,,,,,,,,,,,,,,,,,,,,,,,,,,,,,,,,,,,,,,,,,,,,,,,,,,,,,,,,,,,,,,,,,,,,,,,,,,,,,,,,,,,,,,,,,,,,,,,,,,,,,,,,,,,,
射击,攻击,每分钟,远程,精度,方阵,制导,空域,防御,命中率,架设,精确,爆破,武器,激光,慢速,秒表,近距离,军官,无线电,发射,器材,双机,战术,短距离,跳,四门,准确度,慢镜头,命中,入网,我军,保卫者,抽,战场,救火,制式,望远镜,漂移,作战,机动,划艇,战时,铅球,硬核,轻武器,实弹,卧姿,地形,战线,官兵,弹道,阵地,飞越,持枪,空翻,器械,靶,捕手,哨兵,卧倒,击中,队形,主动攻击,专业训练,进攻,半自动,跪姿,实弹射击,蹲下,蹲,单兵,立姿,狩猎,隐身,中弹,计时,射击,制敌,敌人,骑,滑行,侦察,精确度,炸弹,分队,掩蔽,击发,驾驶,后坐,装填,焊枪,重装,标枪,爬行,杀,子弹,后退,测距,电子对抗,坦克,瞄准,捕食者,跳远,轰炸,逃生,跳高,,,,,,,,,,,,,,,,,,,,,,,,,,,,,,,,,,,,,,,,,,,,,,,,,,,,,,,,,,,,,,,,,,,,,,,,,,,,,,,,,,,,,,,,,,,,,,,,,,,,,,,,,,,,,,,,,,,,,,,,,,,,,
风土人情,文化,特色,出发,旅行,感受,文化背景,地图,文化差异,人文,向导,探寻,旅游,地域,游览,名胜古迹,全貌,景点,实地考察,游客,丰富多彩,问路,民情,水土,周游,切身,重庆,哪些地方,风俗习惯,玉林,江南,旅游景点,方言,足迹,最南端,民俗,百姓生活,风土人情,漫游,西安,,,,,,,,,,,,,,,,,,,,,,,,,,,,,,,,,,,,,,,,,,,,,,,,,,,,,,,,,,,,,,,,,,,,,,,,,,,,,,,,,,,,,,,,,,,,,,,,,,,,,,,,,,,,,,,,,,,,,,,,,,,,,,,,,,,,,,,,,,,,,,,,,,,,,,,,,,,,,,,,,,,,,,,,,,,,,,,,,,,,,,,,,,,,,,,,
自白,段,伪,逼,日记,一段,偶,兔,八线,難,以自,第一段,盲,述,疯人院,告白,以表,自白,忠告,講,感想,个人经历,,,,,,,,,,,,,,,,,,,,,,,,,,,,,,,,,,,,,,,,,,,,,,,,,,,,,,,,,,,,,,,,,,,,,,,,,,,,,,,,,,,,,,,,,,,,,,,,,,,,,,,,,,,,,,,,,,,,,,,,,,,,,,,,,,,,,,,,,,,,,,,,,,,,,,,,,,,,,,,,,,,,,,,,,,,,,,,,,,,,,,,,,,,,,,,,,,,,,,,,,,,,,,,,,,
工程项目,工程,项目,项目名称,设计方案,验收,构件,方案设计,设计阶段,审计,工程设计,站点,总体设计,可行性研究,工程项目,初步设计,建设者,监理,预,试运行,规划设计,科研项目,工程建设,立项,开发阶段,省级,十二五,建库,项目组,及子,设计标准,项目编号,施工,招标,新进展,建筑工程,贯通,项目风险,科研课题,途经,现金流量,所涉,城市道路,加油站,资质等级,工程预算,承建,油藏,敷设,总长,规划局,建设期,地质灾害,变电,项目部,比选,管理站,变电站,户内,大型项目,综合利用,利润总额,开发进度,集团公司,销售收入,投资总额,履约,投建,全面完成,工程质量,工程验收,勘探,万方,水利工程,工程进度,筹资,资金来源,控制性,建设周期,投标,重大项目,劳务,偿债,如期完成,总工,投资额,项目选择,技术改造,,,,,,,,,,,,,,,,,,,,,,,,,,,,,,,,,,,,,,,,,,,,,,,,,,,,,,,,,,,,,,,,,,,,,,,,,,,,,,,,,,,,,,,,,,,,,,,,,,,,,,,,,,,,,,,,,,,,,,,,,,,,,,,,,,,,,,,,,,,,,,,,
故障,调试,安装,中断,检测,检查,现象,关闭,发生,故障,阻塞,拥塞,开关,电源,管道,出错,漏洞,功能测试,抖动,限界,装置,故障诊断,线缆,技术人员,维修,线路,系统故障,机上,失误,丢失,常见故障,修,安全隐患,短路,延时,排错,车辆,冷启动,接地,排除故障,交通灯,失效,飞机,变压器,接线,错误操作,用电,及时发现,联调,停车,供电,带电,地震,机件,掉电,车轮,左后,升降,输油管,热启动,安全设备,探伤,配线,磨损,停放,电,老化,突发,断开,机内,改装,安全事件,损坏,运行状况,退货,油管,火灾,电缆,启停,缆线,告警,开机,黑匣子,多台,信号灯,油井,火警,上电,待机,充电,差错,泄漏,电器,车,过流,蓝屏,事故,插座,过载,异常现象,拆卸,网络故障,电量,拆装,旁路,异常情况,报废,火情,,,,,,,,,,,,,,,,,,,,,,,,,,,,,,,,,,,,,,,,,,,,,,,,,,,,,,,,,,,,,,,,,,,,,,,,,,,,,,,,,,,,,,,,,,,,,,,,,,,,,,,,,,,,,,,,,,,,,,,,,,,,
规范,标准,流程,规则,原则,机制,正确,环节,设置,维护,引导,规范,各类,基本功能,统一,必要性,准则,严谨,准确,清晰,规范化,高效,完善,并行,树立,约束,符合,导向,制定,各项,处理程序,简化,合理性,序,一致性,法规,细化,有效性,有序,标准化,适用范围,确立,主体,遵守,结合实际,纪律,牢固,管理机制,保障,予以,分级,制订,各个环节,基础性,规范性,完备,技术标准,指引,守则,督促,无序,清理,规程,公正,国际标准,法律法规,规约,电子化,切实,快捷,流通,特别强调,卫生,秩序,符合规范,监督,规章制度,对非,实施方案,细则,严格遵守,强制性,实施细则,一整套,三是,事项,下发,简便,管理体系,界定,保障机制,整齐,政策法规,严禁,不断改进,行之有效,方便快捷,依规,经常化,合理布局,合乎,行为规范,便捷,严肃处理,标准规范,采取相应,有序化,导则,总则,不断完善,系统化,严于,明晰,管理制度,化等,认真执行,健全,科学化,国标,规章,安全可靠,实效性,专业化,加以解决,不合理,,,,,,,,,,,,,,,,,,,,,,,,,,,,,,,,,,,,,,,,,,,,,,,,,,,,,,,,,,,,,,,,,,,,,,,,,,,,,,,,,,,,,,,,,,,,,,,,,,,,,,,,,,,
市场经济,社会,经济,效益,生产者,政府,国情,全球化,商品,改革开放,小康社会,资本主义,市场经济,国民经济,网络时代,农村,商品经济,货币,农民,私有制,经济基础,原始积累,社会形态,社会存在,价值规律,通货膨胀,生产率,经济危机,生产关系,当今社会,自由竞争,剩余价值,所有制,赋权,知识经济,电影业,资本输出,医药行业,房价,经济周期,电子货币,游戏规则,客观规律,盲目性,基本国情,发达国家,一国两制,大跃进,发展中国家,再生产,客观条件,国际竞争,商品价格,货币流通,中美关系,先富,剥削,小企业,平均利润,跨国公司,中间商,生而平等,社会变革,优胜劣汰,,,,,,,,,,,,,,,,,,,,,,,,,,,,,,,,,,,,,,,,,,,,,,,,,,,,,,,,,,,,,,,,,,,,,,,,,,,,,,,,,,,,,,,,,,,,,,,,,,,,,,,,,,,,,,,,,,,,,,,,,,,,,,,,,,,,,,,,,,,,,,,,,,,,,,,,,,,,,,,,,,,,,,,,
交流平台,交流,国内外,旨在,群,国际交流,研讨,论坛,专题讲座,交流信息,面向世界,优秀人才,共筑,汇聚,纽带,学术交流,典范,原创,及微,交流活动,协,沟通交流,互动学习,交流平台,之家,不定期,致力,专家学者,新视野,专题讨论,,,,,,,,,,,,,,,,,,,,,,,,,,,,,,,,,,,,,,,,,,,,,,,,,,,,,,,,,,,,,,,,,,,,,,,,,,,,,,,,,,,,,,,,,,,,,,,,,,,,,,,,,,,,,,,,,,,,,,,,,,,,,,,,,,,,,,,,,,,,,,,,,,,,,,,,,,,,,,,,,,,,,,,,,,,,,,,,,,,,,,,,,,,,,,,,,,,,,,,,,,
古人,物,流行,云,流水,赋,求其,古代,以行,科学依据,书上,践,说法,习俗,辨,簋,山海经,史记,六书,文人,古人,处士,存于,苏轼,墓,论语,茶经,西厢记,刘伶,李煜,鸿雁,多用,卜算子,器具,祖先,象征,借景,唐宋,一词,记时,听琴,诗经,八节,称此,贴切,怠,书生,登楼,典故,道家,商代,君子,少时,无多,天地,楚辞,象,中常,甲骨,以物,何谓,红楼梦,孔子,修德,记载,魏晋,四体,上联,左传,宋词,蔡邕,心有灵犀一点通,虚怀,复,于物,万卷,生息,金文,登高,诸子,声律,,,,,,,,,,,,,,,,,,,,,,,,,,,,,,,,,,,,,,,,,,,,,,,,,,,,,,,,,,,,,,,,,,,,,,,,,,,,,,,,,,,,,,,,,,,,,,,,,,,,,,,,,,,,,,,,,,,,,,,,,,,,,,,,,,,,,,,,,,,,,,,,,,,,,,,
学完,熟练掌握,学会,基础课,必修,选修,先修,学,必修课,自学,理论课,这门,读,传授,实训,已学,学好,第一册,学到,面授,结课,三门,融会贯通,教,一遍,第一门,学完,会解,练,每课,授,学过,遍,对学,启蒙,学以致用,两门,习,学习心得,先读,要学,来学,强化训练,修满,三字经,第一课,速读,默写,算数,課,学用,五门,温故而知新,打牢,熟能生巧,学唱,已修,系统学,第三册,初级班,两遍,教给,门课,第三课,熟记,集中学习,学懂,蒙学,練習,发奋,第二课,提高班,熟读,该学,背,多练,研读,几门,,,,,,,,,,,,,,,,,,,,,,,,,,,,,,,,,,,,,,,,,,,,,,,,,,,,,,,,,,,,,,,,,,,,,,,,,,,,,,,,,,,,,,,,,,,,,,,,,,,,,,,,,,,,,,,,,,,,,,,,,,,,,,,,,,,,,,,,,,,,,,,,,,,,,,,,,,
整体性,结构,性,空间,整体,第二节,第一节,第三节,很强,第四节,体现,效果,贯穿,完整性,稳定性,局部,连续性,兼顾,端,全局,宏观,长期性,斯托克斯,兼容性,系统性,串联,统一性,板,灵活性,纵向,汉密尔顿,开放性,前瞻性,拉伸,功能性,本节,流畅,凝聚力,比较突出,两端,攻防,各节,全局性,档次,整体性,封闭性,主次,连贯性,杂乱无章,,,,,,,,,,,,,,,,,,,,,,,,,,,,,,,,,,,,,,,,,,,,,,,,,,,,,,,,,,,,,,,,,,,,,,,,,,,,,,,,,,,,,,,,,,,,,,,,,,,,,,,,,,,,,,,,,,,,,,,,,,,,,,,,,,,,,,,,,,,,,,,,,,,,,,,,,,,,,,,,,,,,,,,,,,,,,,,,,,,,,,,
批判,评价,引用,反,发言,客观,论述,反对,论证,抄袭,实事求是,爱国主义,断言,看待,中国化,评判,美化,争论,否定,集体主义,反思,无理,严肃认真,模仿,回应,谈论,教科书,赞美,辩论,资产阶级,评论,看法,排斥,评语,篡改,教训,抵制,道歉,做作,抱怨,赞同,之词,论战,政论,审视,朦胧诗,措辞,社论,负面,犯错,左倾,愤怒,不容,批判,批判性,评点,论争,赞扬,讨厌,赞成,人权,美国式,辩解,自卑,误解,严肃,棒打,好恶,提意见,人性,种族歧视,发声,谬误,议,评述,争议,片面,反抗,正义性,迫害,戏剧,阶级斗争,臆想,拨乱反正,罪恶,,,,,,,,,,,,,,,,,,,,,,,,,,,,,,,,,,,,,,,,,,,,,,,,,,,,,,,,,,,,,,,,,,,,,,,,,,,,,,,,,,,,,,,,,,,,,,,,,,,,,,,,,,,,,,,,,,,,,,,,,,,,,,,,,,,,,,,,,,,,,,,,,,,
错位,缺陷,缓冲,移位,变形,轮转,碰撞,互换,缺失,畸变,连线,单臂,扭,单侧,跳投,锚,分节,错位,支撑物,压迫,四节,换位,亚当斯,变型,搭接,近端,外力,三节,,,,,,,,,,,,,,,,,,,,,,,,,,,,,,,,,,,,,,,,,,,,,,,,,,,,,,,,,,,,,,,,,,,,,,,,,,,,,,,,,,,,,,,,,,,,,,,,,,,,,,,,,,,,,,,,,,,,,,,,,,,,,,,,,,,,,,,,,,,,,,,,,,,,,,,,,,,,,,,,,,,,,,,,,,,,,,,,,,,,,,,,,,,,,,,,,,,,,,,,,,,,
方可,应,需,应使,检验,限,中要,中应,自行,先行,即可,未,日后,后作,须,还应,以本,后能,直至,后要,更要,无误,需向,方可,任一,时应,必需,时所,验,应先,效验,酌情,若干次,得以,若有,符合要求,按原,即以,需在,无须,上应,如该,时要,可为,之日起,遇,要视,否,再行,为实,先取,有无,均会,若遇,当该,其能,及早,必会,须知,一并,如能,自本,无需,循序,按规定,无此,时为,可通,以求,满后,其必,完毕,下以,即能,事半功倍,可由,若用,应能,即先,不予,为度,均经,应从,即当,使之能,欲,一至,后同,不应,必有,若该,,,,,,,,,,,,,,,,,,,,,,,,,,,,,,,,,,,,,,,,,,,,,,,,,,,,,,,,,,,,,,,,,,,,,,,,,,,,,,,,,,,,,,,,,,,,,,,,,,,,,,,,,,,,,,,,,,,,,,,,,,,,,,,,,,,,,,,,,,,,,
多方位,综合,动态,提供,多媒体,注重,静态,同步,角度,多种,深度,大型,多重,借助,实时,可视化,多维,广度,紧密结合,全过程,有的放矢,直观,力求,多路,一系列,针对性,多层次,立体,多方面,视角,各层次,并重,内外,借助于,多种形式,深层次,听觉,多通道,技术支持,高质量,满足用户,全面提高,细致,软硬,深入分析,各个方面,多项,即时,定期,多角度,创造性地,实地,精心设计,最优化,互动式,深层,精准,充分发挥,多方位,余项,诸多方面,充分考虑,还原,及大,全景式,定向,方方面面,内外部,多样化,双重,灵活多样,性及,立体化,立足于,影视制作,开阔视野,充分调动,全方位,积极开展,多种手段,及外,多维度,无缝,透过,多渠道,及超,可视,灵活机动,视像,及后,高效率,强有力,利用自身,触觉,程中,,,,,,,,,,,,,,,,,,,,,,,,,,,,,,,,,,,,,,,,,,,,,,,,,,,,,,,,,,,,,,,,,,,,,,,,,,,,,,,,,,,,,,,,,,,,,,,,,,,,,,,,,,,,,,,,,,,,,,,,,,,,,,,,,,,,,,,,,
画,图,写出,写,作,绘制,书写,字,画出,绘图,描绘,画法,平面图,画,记号,图纸,挂,画图,图中,补图,画布,拍,划,绘画,画笔,勾画,绘出,画家,笔,漂,设计图,画线,动,脏,钢笔,乐器,留,图是,一写,铺,橡皮擦,彩图,拍照片,板上,笔头,画轴,后写,图图,原图,上题,放飞,笔画,瑕,副,纸本,行行,琴,卡纸,前修,刻画,贺卡,自画像,上色,抠,对联,印,能画,工整,吹,估价,墨水,画圆,织,点画,画稿,刻划,勾画出,展览,涂抹,没纸,,,,,,,,,,,,,,,,,,,,,,,,,,,,,,,,,,,,,,,,,,,,,,,,,,,,,,,,,,,,,,,,,,,,,,,,,,,,,,,,,,,,,,,,,,,,,,,,,,,,,,,,,,,,,,,,,,,,,,,,,,,,,,,,,,,,,,,,,,,,,,,,,,,,,,,,
费用,元,成本,承担,人数,工作量,交,数目,支付,费用,零元,价格,合同,消费,收,违约,预算,往返,花费,开销,结算,利息,金额,单价,成本费用,收费,预订,收入,免,发放,工资,享受,福利费,人民币,租用,利润,人工工资,每月,折现,索赔,修理费,节省,钱能,利润率,销售额,期初,购买,核算,用品,五元,分摊,可省,税金,其他费用,外购,单次,收支,礼品,团购,额度,费,成本核算,缴费,支出,贷款,定价,期限,水电费,期内,折旧费,医疗费,周转,本金,定额,付,免费,利息支出,交纳,摊销,年收入,到期,高价,垫付,开支,房租,钱,服务费,计息,利滚利,,,,,,,,,,,,,,,,,,,,,,,,,,,,,,,,,,,,,,,,,,,,,,,,,,,,,,,,,,,,,,,,,,,,,,,,,,,,,,,,,,,,,,,,,,,,,,,,,,,,,,,,,,,,,,,,,,,,,,,,,,,,,,,,,,,,,,,,,,,,,,,
积分,数据,分,积分,积,时数,折半,对换,胜利,名次,分数,零点,排名,存,循环赛,五等,奖励,清零,单循环,负,取得胜利,记分,卡,差距,得分,开局,票,队,战胜,四等奖,锁定,胜,最高分,多核,领先,带队,输,打入,战,两队,新会员,大庆,乘车,会员,同组,之差,票数,得票,四分,一局,赢,席位,劵,一分,,,,,,,,,,,,,,,,,,,,,,,,,,,,,,,,,,,,,,,,,,,,,,,,,,,,,,,,,,,,,,,,,,,,,,,,,,,,,,,,,,,,,,,,,,,,,,,,,,,,,,,,,,,,,,,,,,,,,,,,,,,,,,,,,,,,,,,,,,,,,,,,,,,,,,,,,,,,,,,,,,,,,,,,,,,,,,,,,,
超级,点,组合,特别,强,码,全,优点,包,短,打开,级,重,适合,双,级别,软,必备,一条,日常,分量,硬,变,完,配,这是,一点,热门,超,真,直流,感觉,团,算,无限,一张,一份,推,冒泡,更是,阵,打开方式,大容量,准,厚实,紧,真的,盘,一次性,手,精,越,整,个子,令,超长,全世界,可不,力,超星,够用,一款,测评,刷,大写,kk,好几,熊猫,最有,轻松,一口气,太,多点,控,公认,送给,吸引力,吃掉,套装,看着,终极,超级,目前为止,最受,顶级,貌似,装,受欢迎,无极限,串串,舒服,kkk,无疑,王牌,挺,秀,aaa,秒,神器,上次,够,买,过瘾,,,,,,,,,,,,,,,,,,,,,,,,,,,,,,,,,,,,,,,,,,,,,,,,,,,,,,,,,,,,,,,,,,,,,,,,,,,,,,,,,,,,,,,,,,,,,,,,,,,,,,,,,,,,,,,,,,,,,,,,,,,,,,,,,
实现目标,达成,未来,支持,预测,成功,挑战,前景,鼓励,决策,量化,努力,激励,衡量,寻找,创造,动力,信心,克服,奋斗,团队精神,双百,循序渐进,信任,力争,实现目标,自我管理,减肥,指明方向,展望未来,倒推,终点,积极主动,潜能,哪些方面,路线图,领袖,克服困难,每一项,储蓄,全力以赴,拼搏,自律,更上一层楼,努力奋斗,绩效,无以至千里,不积跬步,勇往直前,决策者,团结合作,加油,进取,奋斗目标,分配资源,获得成功,总结经验,激发起,最终目标,六西格玛,年初,同舟共济,脚踏实地,更近,归因,达到目标,宏伟目标,步步为营,,,,,,,,,,,,,,,,,,,,,,,,,,,,,,,,,,,,,,,,,,,,,,,,,,,,,,,,,,,,,,,,,,,,,,,,,,,,,,,,,,,,,,,,,,,,,,,,,,,,,,,,,,,,,,,,,,,,,,,,,,,,,,,,,,,,,,,,,,,,,,,,,,,,,,,,,,,,,,,,,,,,
第七十七,章,第五节,do,第六节,第七节,第七,第八,第八节,第六,正文,第十三,第十一,二项,第三篇,第十二,第四篇,之四,第十节,第十四,之三,第九节,第十,九章,第九十,之六,第九十二,之五,三章,第七十九,第八十,第八十八,第七十一,第八十三,章云,第七十四,第八十九,之七,第七十七,第十七,第七十三,章为,惊梦,第八十七,第十五,第五篇,第十六,,,,,,,,,,,,,,,,,,,,,,,,,,,,,,,,,,,,,,,,,,,,,,,,,,,,,,,,,,,,,,,,,,,,,,,,,,,,,,,,,,,,,,,,,,,,,,,,,,,,,,,,,,,,,,,,,,,,,,,,,,,,,,,,,,,,,,,,,,,,,,,,,,,,,,,,,,,,,,,,,,,,,,,,,,,,,,,,,,,,,,,,,
办,单位,行,听说,审批,开,件,办公,办,局,出点,提,有事,要开,开办,工商,婚礼,总行,摆,事,养老,省,抓,急,礼,一趟,办理,订婚,证,关,公安,主意,,,,,,,,,,,,,,,,,,,,,,,,,,,,,,,,,,,,,,,,,,,,,,,,,,,,,,,,,,,,,,,,,,,,,,,,,,,,,,,,,,,,,,,,,,,,,,,,,,,,,,,,,,,,,,,,,,,,,,,,,,,,,,,,,,,,,,,,,,,,,,,,,,,,,,,,,,,,,,,,,,,,,,,,,,,,,,,,,,,,,,,,,,,,,,,,,,,,,,,,
某事,某一,事情,sth,不定式,主语,某事,助动词,某月,某人,宾语,某项,某件,,,,,,,,,,,,,,,,,,,,,,,,,,,,,,,,,,,,,,,,,,,,,,,,,,,,,,,,,,,,,,,,,,,,,,,,,,,,,,,,,,,,,,,,,,,,,,,,,,,,,,,,,,,,,,,,,,,,,,,,,,,,,,,,,,,,,,,,,,,,,,,,,,,,,,,,,,,,,,,,,,,,,,,,,,,,,,,,,,,,,,,,,,,,,,,,,,,,,,,,,,,,,,,,,,,,,,,,,,,
ad,技能,输出,辅助,分段,p,r,e,人机,位移,v,aj,cd,blank,bx,全加,kd,退队,ab,ad,墨子,铭文,伤害,hp,im,q,bc,w,vk,bn,北美,col,pt,yyf,lb,ap,vn,英雄,tp,,,,,,,,,,,,,,,,,,,,,,,,,,,,,,,,,,,,,,,,,,,,,,,,,,,,,,,,,,,,,,,,,,,,,,,,,,,,,,,,,,,,,,,,,,,,,,,,,,,,,,,,,,,,,,,,,,,,,,,,,,,,,,,,,,,,,,,,,,,,,,,,,,,,,,,,,,,,,,,,,,,,,,,,,,,,,,,,,,,,,,,,,,,,,,,,,
场外,现场,场外,篮球运动,场中,场内,接力,上除,退役,裁判,篮球,喝彩,场地,赛前,,,,,,,,,,,,,,,,,,,,,,,,,,,,,,,,,,,,,,,,,,,,,,,,,,,,,,,,,,,,,,,,,,,,,,,,,,,,,,,,,,,,,,,,,,,,,,,,,,,,,,,,,,,,,,,,,,,,,,,,,,,,,,,,,,,,,,,,,,,,,,,,,,,,,,,,,,,,,,,,,,,,,,,,,,,,,,,,,,,,,,,,,,,,,,,,,,,,,,,,,,,,,,,,,,,,,,,,,,
介绍,介绍,描述,情况,演示,解释,详细,举例,讲述,说,发现,展示,推荐,简要,讲,列举,一位,称,负责人,最新进展,指出,熟知,报道,网络图,供,介绍所,科普,采访,示范,提醒,汇报,简要地,人称,座谈,答记者问,谈到,详述,走访,讲过,下文,其称,第一印象,告诉,例举,,,,,,,,,,,,,,,,,,,,,,,,,,,,,,,,,,,,,,,,,,,,,,,,,,,,,,,,,,,,,,,,,,,,,,,,,,,,,,,,,,,,,,,,,,,,,,,,,,,,,,,,,,,,,,,,,,,,,,,,,,,,,,,,,,,,,,,,,,,,,,,,,,,,,,,,,,,,,,,,,,,,,,,,,,,,,,,,,,,,,,,,,,,,
出版,年,出版社,清华大学出版社,版,撰写,著,译,主编,编著,高等教育出版社,内容提要,人民邮电出版社,执笔人,汇编,页,出版,科学出版社,选题,第三版,创作,第一版,作品,文稿,译成,读者,发表,第五版,书籍,作者,本书,书,原书,图书,第四版,篇,首部,编选,一篇,稿,部,册,邮资,学术论文,版权,印刷,年版,写成,报纸,下册,上册,工具书,发行,首,期刊,卷,版面设计,文学,博客,丛书,中央电视台,日历,第七版,中国人民大学出版社,红皮书,传记,创立,报刊,修订版,长篇,书后,北京大学出版社,英文版,小说,份,全集,经典著作,全书,译者,一本,散文,封面设计,现代诗歌,出版单位,余秋雨,中文版,当当网,书中,报刊杂志,广大读者,作家,国富论,借阅,创办,读后感,出版日期,見,同名,写道,中宣部,牡丹亭,第四册,副主编,绿皮书,封面,音乐剧,电影剧本,英译,日报,编辑部,後,文摘,台湾,搜集整理,动画影片,纽约时报,导言,中译本,人物传记,世界名著,词曲,编目,本中,问世,译稿,选读,典藏版,文选,力作,诗词,现代诗,页数,第六版,版上,版面,北岛,辞赋,毕淑敏,播出,英文原版,三联书店,著作,人民教育出版社,多页,诗歌,再版,著录,每页,出版物,文库,编委会,音像,,,,,,,,,,,,,,,,,,,,,,,,,,,,,,,,,,,,,,,,,,,,,,,,,,,,,,,,,,,,,,,,,,,,,,,,,,,,,,,,
南天门,正定,下界,羽化,三座大山,猴子,泰山,最高峰,杨志,南天门,游程,兴山,大观园,索道,天门,山鬼,北极,玉皇顶,三教,十八盘,此门,东山,登天,,,,,,,,,,,,,,,,,,,,,,,,,,,,,,,,,,,,,,,,,,,,,,,,,,,,,,,,,,,,,,,,,,,,,,,,,,,,,,,,,,,,,,,,,,,,,,,,,,,,,,,,,,,,,,,,,,,,,,,,,,,,,,,,,,,,,,,,,,,,,,,,,,,,,,,,,,,,,,,,,,,,,,,,,,,,,,,,,,,,,,,,,,,,,,,,,,,,,,,,,,,,,,,,,
社会公德,素质,素养,社会交往,道德,职业道德,道德修养,道德规范,自觉性,基本素质,品德,礼貌,法治,安全意识,思想道德,婚姻家庭,尊重,爱护,社会公德,王法,恪守,法律义务,道德教育,礼仪,正确引导,公共安全,违背,爱民,诚实,守信,美德,法制观念,保护意识,法律意识,良好习惯,行为准则,道德素质,文明,自觉遵守,情理,诚信,四邻,组织纪律,抛物,礼义,有损,基本准则,向善,和谐社会,子女教育,情操,责任心,守法,传统美德,残疾人,尊严,提高素质,人身权利,为人师表,防火,社会活动,荣誉感,睦邻友好,睦邻,法制教育,模范,个人修养,操守,身心健康,廉洁自律,助人,家风,爱护公物,文明礼仪,精神文明,公共秩序,政治素质,,,,,,,,,,,,,,,,,,,,,,,,,,,,,,,,,,,,,,,,,,,,,,,,,,,,,,,,,,,,,,,,,,,,,,,,,,,,,,,,,,,,,,,,,,,,,,,,,,,,,,,,,,,,,,,,,,,,,,,,,,,,,,,,,,,,,,,,,,,,,,,,,,,,,,,,,,,
设计模式,体系结构,数据结构,框架,面向对象,单元,开发技术,结构设计,系统结构,项目管理,层次结构,子系统,栈,界面设计,多态,模块化,功能模块,设计模式,方法论,链式,交互式,功能设计,脚本语言,多任务,分布式系统,设计所,java,轻量级,框架结构,树状,通用性,架构设计,可扩展性,开发方式,易用性,保护方式,设计规范,定位问题,设计者,技术细节,产品设计,德鲁克,保护模式,开发周期,,,,,,,,,,,,,,,,,,,,,,,,,,,,,,,,,,,,,,,,,,,,,,,,,,,,,,,,,,,,,,,,,,,,,,,,,,,,,,,,,,,,,,,,,,,,,,,,,,,,,,,,,,,,,,,,,,,,,,,,,,,,,,,,,,,,,,,,,,,,,,,,,,,,,,,,,,,,,,,,,,,,,,,,,,,,,,,,,,,,,,,,,,,,
新面孔,熟悉,新,新生,入队,年轻,阵容,名单,服,进队,身影,新面貌,老朋友,嘉宾,新面孔,队首,新老,,,,,,,,,,,,,,,,,,,,,,,,,,,,,,,,,,,,,,,,,,,,,,,,,,,,,,,,,,,,,,,,,,,,,,,,,,,,,,,,,,,,,,,,,,,,,,,,,,,,,,,,,,,,,,,,,,,,,,,,,,,,,,,,,,,,,,,,,,,,,,,,,,,,,,,,,,,,,,,,,,,,,,,,,,,,,,,,,,,,,,,,,,,,,,,,,,,,,,,,,,,,,,,,,,,,,,,
主角,事件,经典,系列,主,角色,原型,场景,题材,身份,人物,故事,设定,电影,影片,铺垫,演绎,名字,焦点,二部,两位,选作,原著,情节,张翰,当年,引出,第几,兄弟,剧本,塑造,扮演,好像,歌手,刺客列传,伏笔,故事梗概,喜剧,无名英雄,传奇,幕后,一角,最欢,大决战,主角,幕前,整部,观众,动漫,看头,英雄人物,中当,揭开,姜哲,cp,第一部,穿越时空,担当,亮点,经典影视,一部,高潮,绿巨人,,,,,,,,,,,,,,,,,,,,,,,,,,,,,,,,,,,,,,,,,,,,,,,,,,,,,,,,,,,,,,,,,,,,,,,,,,,,,,,,,,,,,,,,,,,,,,,,,,,,,,,,,,,,,,,,,,,,,,,,,,,,,,,,,,,,,,,,,,,,,,,,,,,,,,,,,,,,,,,,,,,,,,,,,
博大精深,无穷,读懂,蕴涵,精髓,蕴含,真谛,钻研,懂,服饰文化,行中,喜爱,琴棋书画,奥秘,中华文化,博大精深,浓厚兴趣,悟,易学,中华,古文字,精华,茶文化,戏曲,音韵,,,,,,,,,,,,,,,,,,,,,,,,,,,,,,,,,,,,,,,,,,,,,,,,,,,,,,,,,,,,,,,,,,,,,,,,,,,,,,,,,,,,,,,,,,,,,,,,,,,,,,,,,,,,,,,,,,,,,,,,,,,,,,,,,,,,,,,,,,,,,,,,,,,,,,,,,,,,,,,,,,,,,,,,,,,,,,,,,,,,,,,,,,,,,,,,,,,,,,,,,,,,,,,
机构,企业,网站,机构,客户,联合,国内,公司,专家,部门,银行,调研,权威,人士,成立,设立,委托,第三方,信源,中介,资金,全国性,院,资质,家,航空公司,持有,师,买家,参与者,外包,商业网站,分析师,分析员,介入,几家,交易所,备案,中信,投资决策,储户,累计,,,,,,,,,,,,,,,,,,,,,,,,,,,,,,,,,,,,,,,,,,,,,,,,,,,,,,,,,,,,,,,,,,,,,,,,,,,,,,,,,,,,,,,,,,,,,,,,,,,,,,,,,,,,,,,,,,,,,,,,,,,,,,,,,,,,,,,,,,,,,,,,,,,,,,,,,,,,,,,,,,,,,,,,,,,,,,,,,,,,,,,,,,,,,,
带有,独立,一种,包含,添加,隐藏,标志,标签,并用,近似,某种,附加,带有,标识,既有,成分,中有,含有,不同于,独特,组合而成,不带,类似,附有,隐含,特有,用以,流出,中多,充满,赋予,极强,较重,用带,掺杂,标志性,留有,携带,特质,更具,用作,挂起,丝,浓厚,极富,温和,存有,字样,鲜明特征,呈,时有,,,,,,,,,,,,,,,,,,,,,,,,,,,,,,,,,,,,,,,,,,,,,,,,,,,,,,,,,,,,,,,,,,,,,,,,,,,,,,,,,,,,,,,,,,,,,,,,,,,,,,,,,,,,,,,,,,,,,,,,,,,,,,,,,,,,,,,,,,,,,,,,,,,,,,,,,,,,,,,,,,,,,,,,,,,,,,,,,,,,,
重叠,之间,变换,间,虚拟,位置,交叉,分布,边缘,三角,分离,自上而下,平行,分割,模糊,衔接,自下而上,重叠,相连,叠加,分散,垂直,置,相邻,交错,跨越,平滑,跨,夹,相互之间,之上,未定,层叠,横向,倒置,间隔,两者之间,所处,平移,混淆,首尾,连接起来,孤立,长短,互不,交替,交集,起落,可数,扭曲,折叠,侧,一一对应,重压,绕,串连,松散,雷同,相近,悬挂,流动,居中,与面,触,分立,完全相同,时间差,或远,相差,摩擦,相接,密集,拼凑,零碎,界限,窄,同方向,连接成,堆叠,所指,可及,铺开,遮挡,异,线中,连缀,,,,,,,,,,,,,,,,,,,,,,,,,,,,,,,,,,,,,,,,,,,,,,,,,,,,,,,,,,,,,,,,,,,,,,,,,,,,,,,,,,,,,,,,,,,,,,,,,,,,,,,,,,,,,,,,,,,,,,,,,,,,,,,,,,,,,,,,,,,,,,,,,,
吞吐,闭,收发,敛,叉,稠密,奔腾,无声,精化,长尾,十二条,着墨,卷动,颤抖,吸,急速,放声,伸缩,时而,中泛,嗅,蛇形,中化,吞吐,展转,香烟,立定,脱壳,极快,其间,鲸吞,,,,,,,,,,,,,,,,,,,,,,,,,,,,,,,,,,,,,,,,,,,,,,,,,,,,,,,,,,,,,,,,,,,,,,,,,,,,,,,,,,,,,,,,,,,,,,,,,,,,,,,,,,,,,,,,,,,,,,,,,,,,,,,,,,,,,,,,,,,,,,,,,,,,,,,,,,,,,,,,,,,,,,,,,,,,,,,,,,,,,,,,,,,,,,,,,,,,,,,,,
合法,条件,协议,保护,证明,可靠,法律,合格,用途,注册,认证,国外,授权,正规,事实,实物,经营,非法,登记,限定,证书,欺骗,场所,权利,外国,可信,依法,约定,优先权,隐私,情形,私有,禁止,履行,义务,公有,公民,利益,中华人民共和国,公平,认定,恶意,合法,权,私人,许可,特权,批准,保护措施,吊销,证实,认可,违反,同意,保密性,行使,盗窃,名义,存款人,牌照,购买者,拍卖,不准,第十四条,个人隐私,自愿,许可证,著作权,第三条,前提条件,免检,财产权利,资格,使用权,归属,无权,故该,合法性,合同法,法律责任,齐全,第二条,以非,侵害,提供者,救济,窃取,借贷,网上交易,,,,,,,,,,,,,,,,,,,,,,,,,,,,,,,,,,,,,,,,,,,,,,,,,,,,,,,,,,,,,,,,,,,,,,,,,,,,,,,,,,,,,,,,,,,,,,,,,,,,,,,,,,,,,,,,,,,,,,,,,,,,,,,,,,,,,,,,,,,,,,,
五个,两个,三个,几个,集合,最小,数,多个,第一,两,若干,十,五个,区,项,第三,第一个,小时,十一,四个,最少,三次,两段,十二,第四,十三,最长,四大,五大,各有,三大,每人,六个,第五,有个,两点,第二次,第三次,两级,二个,每条,三点,十八,多位,十四,共有,四线,三项,第九,四次,十大,最多,一半,一对,四项,第一阶段,几大,剩下,数个,十五,总共,之二,九个,五条,第四次,七个,七条,八个,有且,十六,五年,一人,二条,七项,一共,两路,一五,五分,最先,至此,分三,三位,十六位,小项,八大,十二个,五人,十项,十九,六大,三任,四位,每位,第五次,三能,剩,两对,半个,一队,共分,两次,十四条,三段,余下,十七,五次,几条,四条,短短,二对,两条,几位,六位,星期,三条,二万,,,,,,,,,,,,,,,,,,,,,,,,,,,,,,,,,,,,,,,,,,,,,,,,,,,,,,,,,,,,,,,,,,,,,,,,,,,,,,,,,,,,,,,,,,,,,,,,,,,,,,,,,,,,,,,,,,,,
继承,继承,保存,下一代,保留,占有,重任,传承,延续,开创,接班人,双亲,遗留,其子,家族,发扬,优良传统,成家,承,立业,五代,堂兄弟,遗传,子孙,四代,长大成人,每代,发扬光大,代,第二代,依附于,遗愿,第一代,四子,自小,,,,,,,,,,,,,,,,,,,,,,,,,,,,,,,,,,,,,,,,,,,,,,,,,,,,,,,,,,,,,,,,,,,,,,,,,,,,,,,,,,,,,,,,,,,,,,,,,,,,,,,,,,,,,,,,,,,,,,,,,,,,,,,,,,,,,,,,,,,,,,,,,,,,,,,,,,,,,,,,,,,,,,,,,,,,,,,,,,,,,,,,,,,,,,,,,,,,,
手机号码,信息,密码,号,绑定,发送,电子邮件,邮件,线索,后台,姓名,邮箱,电话,手机,信,匿名,删,电话号码,位数,信息库,校验码,通讯录,存入,屏蔽,性别,用户名,打电话,短信,号码,账号,陌生人,账户,电子邮箱,学号,网上银行,记事本,尾数,名片,条形码,注销,管理员,业务员,卡片,个人信息,帐号,住址,取款,联系方式,出租车,帐户,位是,几位数,免费邮箱,发给,登录名,联系电话,敲门,電話,信箱,通信录,身份证,准考证号,群发,信封,开锁,拨号,网络电话,手机号码,个人资料,支票,网上支付,存单,存款,联系人,假币,现金,存款单,磁条,条码,假名,聊天工具,转接,朋友圈,验证码,收到,出生日期,同学录,发送到,,,,,,,,,,,,,,,,,,,,,,,,,,,,,,,,,,,,,,,,,,,,,,,,,,,,,,,,,,,,,,,,,,,,,,,,,,,,,,,,,,,,,,,,,,,,,,,,,,,,,,,,,,,,,,,,,,,,,,,,,,,,,,,,,,,,,,,,,,,,,,,,
化解,解决问题,消除,冲突,分钟,危机,应对,收敛,解除,矛盾,消,合力,正确处理,消解,有解,破解,调和,利,阻,发生冲突,缓,压在,妥善,化解矛盾,化解,应付,摆脱,底线,能解,难解,调解,,,,,,,,,,,,,,,,,,,,,,,,,,,,,,,,,,,,,,,,,,,,,,,,,,,,,,,,,,,,,,,,,,,,,,,,,,,,,,,,,,,,,,,,,,,,,,,,,,,,,,,,,,,,,,,,,,,,,,,,,,,,,,,,,,,,,,,,,,,,,,,,,,,,,,,,,,,,,,,,,,,,,,,,,,,,,,,,,,,,,,,,,,,,,,,,,,,,,,,,,
回顾,记录,历程,整理,视频,展望,引言,回溯,综述,回顾,专题,详解,简述,经历,汇总,职业生涯,刷新,概览,解读,先来,重大事件,前言,第一周,翻,载入,梳理,公布,生涯,第二周,回放,报告会,大事记,戳,纵观,履历,跟随,下该,评析,点评,再论,十年,庆祝,精彩,,,,,,,,,,,,,,,,,,,,,,,,,,,,,,,,,,,,,,,,,,,,,,,,,,,,,,,,,,,,,,,,,,,,,,,,,,,,,,,,,,,,,,,,,,,,,,,,,,,,,,,,,,,,,,,,,,,,,,,,,,,,,,,,,,,,,,,,,,,,,,,,,,,,,,,,,,,,,,,,,,,,,,,,,,,,,,,,,,,,,,,,,,,,,
密不可分,重要性,关联,积累,重视,紧密,起着,有何,必不可少,二者,中起,相辅相成,好坏,密切联系,离不开,相符合,取决于,密切相关,不同之处,紧密联系,背后,关系密切,先于,相似之处,共同完成,不可分割,多年,密切关系,总和,相仿,十余年,精诚合作,源自,密不可分,密切合作,相互配合,共同之处,细节决定,与生俱来,大致相同,印证,关键性,长足,关键因素,不可或缺,举足轻重,,,,,,,,,,,,,,,,,,,,,,,,,,,,,,,,,,,,,,,,,,,,,,,,,,,,,,,,,,,,,,,,,,,,,,,,,,,,,,,,,,,,,,,,,,,,,,,,,,,,,,,,,,,,,,,,,,,,,,,,,,,,,,,,,,,,,,,,,,,,,,,,,,,,,,,,,,,,,,,,,,,,,,,,,,,,,,,,,,,,,,,,,,
疾病,正确认识,并发,健康,运动,预防,病毒,危害,防治,障碍,可逆,医学,家庭,角化,完全性,保健,食品,灾难,动物,功效,睡眠,多发,有益,人体,神经,心理健康,自我调节,生病,食物,危险,体质,传染病,身体,病,强迫症,病症,攻击行为,增强体质,钠,健康状况,关节,心理疾病,嗜睡,疾病,精神分裂症,心理障碍,禁忌,预防措施,免疫,传染,环境污染,流行病,不良情绪,机能,体重,残疾,早产,血管,可怕,抑郁,痛苦,新陈代谢,伴有,及性,外因,常见疾病,误用,内因,体育锻炼,焦虑症,节食,营养,侵袭,焦虑,老年人,器官,生理反应,肌无力,子宫,世界卫生组织,生理,症状,认知障碍,综合症,部位,艾滋,抑郁症,毒蘑菇,性行为,细胞,顽症,易怒,体内,躁狂症,病态,,,,,,,,,,,,,,,,,,,,,,,,,,,,,,,,,,,,,,,,,,,,,,,,,,,,,,,,,,,,,,,,,,,,,,,,,,,,,,,,,,,,,,,,,,,,,,,,,,,,,,,,,,,,,,,,,,,,,,,,,,,,,,,,,,,,,,,,,
相合,逆,相,相联,主从,内聚,相位,三元,互补,相容,火旺,相交,求取,金星,运,互转,合,互为,契合,与子,相合,与生,九宫,辛丑,辅,相持,方位,融于,对分,煅炼,契,運,相符,求子,恰是,配成,共行,决,为根,合一,所缺,適,不相容,桃花,为用,阻滞,,,,,,,,,,,,,,,,,,,,,,,,,,,,,,,,,,,,,,,,,,,,,,,,,,,,,,,,,,,,,,,,,,,,,,,,,,,,,,,,,,,,,,,,,,,,,,,,,,,,,,,,,,,,,,,,,,,,,,,,,,,,,,,,,,,,,,,,,,,,,,,,,,,,,,,,,,,,,,,,,,,,,,,,,,,,,,,,,,,,,,,,,,
大赛,国际,参加,评审,节,本次,界,全国,竞赛,国家级,比赛,参赛,大赛,年度,获得者,获奖,授予,中以,邀请函,杯,评选,奖项,优秀作品,二等奖,冠军,辩论赛,奥林匹克,选手,获,表演,荣获,晚会,三等奖,国际性,举办,一等奖,奥运,展播,大奖赛,竞赛活动,颁奖,体育比赛,选拔赛,象棋,参赛选手,运动会,组队,角逐,选拔,历届,电视大赛,女队,首次,颁奖典礼,奖,亚军,赢得,决出,决赛,赛区,往届,蒙特卡洛,锦标赛,赛制,男队,优秀论文,交流会,评为,协会,暨,海峡两岸,届,为期,篮球比赛,季军,评委,初赛,,,,,,,,,,,,,,,,,,,,,,,,,,,,,,,,,,,,,,,,,,,,,,,,,,,,,,,,,,,,,,,,,,,,,,,,,,,,,,,,,,,,,,,,,,,,,,,,,,,,,,,,,,,,,,,,,,,,,,,,,,,,,,,,,,,,,,,,,,,,,,,,,,,,,,,,,,,
组和,分组,组,小组,组和,组中,区及,组长,分小组,各组,组及,自组,两组,研究组,组内,本组,眼动,组员,组与,本项,,,,,,,,,,,,,,,,,,,,,,,,,,,,,,,,,,,,,,,,,,,,,,,,,,,,,,,,,,,,,,,,,,,,,,,,,,,,,,,,,,,,,,,,,,,,,,,,,,,,,,,,,,,,,,,,,,,,,,,,,,,,,,,,,,,,,,,,,,,,,,,,,,,,,,,,,,,,,,,,,,,,,,,,,,,,,,,,,,,,,,,,,,,,,,,,,,,,,,,,,,,,,,,,,,,,
共产党,毛泽东思想,马克思主义,领导,革命,中国共产党,解放,党,三个代表,毛泽东,党和国家,习近平,基本路线,新民主主义革命,党的领导,马列主义,祖国,民主党派,共产主义,维和,领导核心,邓小平,正面战场,国民党,中国人民解放军,新民主主义,抗战,敌后,文革,抗日,列宁,党内,解放战争,文化大革命,革命道路,中共,重庆谈判,马克思列宁主义,总书记,无产阶级,共产党,斯大林,工人阶级,王明,电文,爱国,国共合作,苏维埃,政协会议,抗日民族统一战线,反动,孙中山,团结,十一届三中全会,游击战,民主运动,伟大胜利,华东,台独,反帝,顽固派,革命派,部队,游击战争,国民革命,社会主义者,政治协商,冯玉祥,妇女解放,间谍,马列,军人,爱国运动,共产国际,伟人,工农,苏联,土地革命,法西斯,遵义会议,人民解放军,民族团结,,,,,,,,,,,,,,,,,,,,,,,,,,,,,,,,,,,,,,,,,,,,,,,,,,,,,,,,,,,,,,,,,,,,,,,,,,,,,,,,,,,,,,,,,,,,,,,,,,,,,,,,,,,,,,,,,,,,,,,,,,,,,,,,,,,,,,,,,,,,,,,,,,,,,,
in,地址,n,英文名称,c,for,m,b,s,t,d,l,f,h,k,main,u,in,net,release,rm,g,virtual,open,priority,properties,new,sb,j,competition,relief,rescue,top,reflect,cid,cn,encounter,head,drive,o,executive,an,highly,luxury,overseas,internet,bitter,with,typical,contrast,page,free,http,severe,ex,initiative,data,reserve,intelligence,tail,capacity,science,auto,grand,associate,exchange,including,home,represent,balance,ki,dynamic,focus,rear,influence,width,asa,assembly,methods,lc,service,cohen,ll,spring,rate,length,the,込,visual,visited,ii,en,commercial,technology,vs,缩写,abstract,after,contact,minor,defined,直译,via,sc,vital,port,ed,per,close,ing,using,動,sp,of,mask,depth,set,fisher,di,bi,pearson,rice,insight,sin,ni,random,eye,conference,union,critical,tu,efficient,test,org,crisis,cat,rn,property,protected,vin,school,security,pursuit,ch,since,潤,table,iii,promote,project,extra,current,pi,graduate,間,scheme,base,university,location,algorithm,database,asos,front,roc,la,覚,superior,飛,man,academy,rare,degree,scan,global,z,sun,size,public,combination,,,,,,,,,,,,,,,,,,,,,,,,,,,,,,,,,,,,,,,,,,,,,,,,,,,,,
转型,发展趋势,方向,化,定位,职业,迭代,合作,行业,过渡,流量,尝试,事业,创业,退出,投资,业界,转向,寻求,淘汰,投身于,投身,解散,影视,转型,升级,知名,生意,一家,本土化,做大,破产,业内,签约,业,从以,涉足,组织变革,vc,,,,,,,,,,,,,,,,,,,,,,,,,,,,,,,,,,,,,,,,,,,,,,,,,,,,,,,,,,,,,,,,,,,,,,,,,,,,,,,,,,,,,,,,,,,,,,,,,,,,,,,,,,,,,,,,,,,,,,,,,,,,,,,,,,,,,,,,,,,,,,,,,,,,,,,,,,,,,,,,,,,,,,,,,,,,,,,,,,,,,,,,,,,,,,,,,
内嵌,功能,内部,集成,嵌入式,时钟,锁,内置,存取,前端,网格,嵌入,滑动,桌面,点阵,定制,开放式,网状,蜂窝,工具箱,框,功能强大,放置,嵌,内嵌,相互连接,虹膜,性化,直接插入,边框,或门,或右,外置,内建,视窗,方格,led,套件,防水,智能卡,天窗,相连接,帯,防盗,指纹,中间层,,,,,,,,,,,,,,,,,,,,,,,,,,,,,,,,,,,,,,,,,,,,,,,,,,,,,,,,,,,,,,,,,,,,,,,,,,,,,,,,,,,,,,,,,,,,,,,,,,,,,,,,,,,,,,,,,,,,,,,,,,,,,,,,,,,,,,,,,,,,,,,,,,,,,,,,,,,,,,,,,,,,,,,,,,,,,,,,,,,,,,,,,,
树,树,长,森林,根,堆,稀疏,头,树上,结,簇,深,树形,倒,一棵,种子,生长,一颗,叶子,主干,分枝,剪枝,密,植物,树中,小树,树根,吃桃,树是,子树,别名,亮灯,建筑,桃子,植物种子,踪,已空,群群,主杆,节一,窗,每棵,影,杨树林,松鼠,果,一地,农田,大树,节有,花,折,桥,两棵树,叶片,树后,对树,松油,这棵,桩,冬青,两棵,棵,松林,树型,一棵树,此树,公园,移走,树为,三棵树,树树,头上,,,,,,,,,,,,,,,,,,,,,,,,,,,,,,,,,,,,,,,,,,,,,,,,,,,,,,,,,,,,,,,,,,,,,,,,,,,,,,,,,,,,,,,,,,,,,,,,,,,,,,,,,,,,,,,,,,,,,,,,,,,,,,,,,,,,,,,,,,,,,,,,,,,,,,,,,,,,,,,
增益,属性,功,所得,失真,无损,增益,与定,施加,和定,中其,五力,阶数,光强,控制能力,当对,自感,容错性,损益,,,,,,,,,,,,,,,,,,,,,,,,,,,,,,,,,,,,,,,,,,,,,,,,,,,,,,,,,,,,,,,,,,,,,,,,,,,,,,,,,,,,,,,,,,,,,,,,,,,,,,,,,,,,,,,,,,,,,,,,,,,,,,,,,,,,,,,,,,,,,,,,,,,,,,,,,,,,,,,,,,,,,,,,,,,,,,,,,,,,,,,,,,,,,,,,,,,,,,,,,,,,,,,,,,,,,
收听,阅读,搜索,关注,语音,声音,广播,听,音频,转发,观看,分享,朗读,音乐,点击,菜单栏,频道,倾听,订阅,中国国际广播电台,广播节目,主讲,耳机,二维码,投稿,网络课堂,广播电台,收听,试听,栏目,聆听,请用,播音员,滴答,资讯,,,,,,,,,,,,,,,,,,,,,,,,,,,,,,,,,,,,,,,,,,,,,,,,,,,,,,,,,,,,,,,,,,,,,,,,,,,,,,,,,,,,,,,,,,,,,,,,,,,,,,,,,,,,,,,,,,,,,,,,,,,,,,,,,,,,,,,,,,,,,,,,,,,,,,,,,,,,,,,,,,,,,,,,,,,,,,,,,,,,,,,,,,,,,,,,,,,,,
量子力学,定理,代数,二维,推理,数学模型,几何,拓扑,定律,概率论,牛顿,数学方法,公理,密码学,贝叶斯,数码,微积分,模式识别,数理逻辑,物理学,笛卡尔,无穷小,图灵,量子,原子,光学,信息论,高维,分形,人工神经网络,哲学家,光电效应,经济学,时空,科学家,动量,数学原理,微观,莱布尼茨,衍射,唯物论,守恒定律,电子学,玻尔,力学,波函数,角动量,自旋,生物学,实验所,地磁场,物理现象,爱因斯坦,维空间,政治经济学,马克思,摩尔定律,薛定谔,定则,波粒二象性,数论,热学,生理学,费米,唯心主义,因果性,控制论,衰变,麦克斯韦,数学分析,高能物理,伦理学,热力学,量子力学,数学家,电学,相对论,逻辑学,哲学理论,宇宙,光速,引力场,政治学,光子,以太,基本粒子,几何学,复利,物理学家,卢瑟福,电磁学,量子化,核聚变,纯理论,化学键,法拉第,原子核,天文,电磁场,马斯洛,弗洛伊德,释梦,熵,夸克,质能,能级,时变,吴文俊,核裂变,人脑,精神分析,艺术史,核反应,运动学,,,,,,,,,,,,,,,,,,,,,,,,,,,,,,,,,,,,,,,,,,,,,,,,,,,,,,,,,,,,,,,,,,,,,,,,,,,,,,,,,,,,,,,,,,,,,,,,,,,,,,,,,,,,,,,,,,,,,,
界面显示,查询,显示,识别,界面,自动,页面,网页,按钮,扫描,登录,多级,查看,鼠标,切换,按键,校验,测试阶段,图标,导航,身份验证,上传,面板,键,表上,触摸屏,超时,操作界面,小键盘,多媒体系统,栏,自动识别,指示器,状态栏,该次,任务栏,预置,系统维护,录入,脱机,最右,控制键,断开连接,界面显示,进度条,首页,自动记录,功能键,提示信息,屏幕显示,指示灯,仪表,系统优化,登入,双端,,,,,,,,,,,,,,,,,,,,,,,,,,,,,,,,,,,,,,,,,,,,,,,,,,,,,,,,,,,,,,,,,,,,,,,,,,,,,,,,,,,,,,,,,,,,,,,,,,,,,,,,,,,,,,,,,,,,,,,,,,,,,,,,,,,,,,,,,,,,,,,,,,,,,,,,,,,,,,,,,,,,,,,,,,,,,,,,,
微软,操作系统,开发工具,处理器,用户界面,人工智能,switch,人机交互,x,软件产品,存储技术,搜索引擎,美国,全球,交互技术,开源,流媒体,网络攻击,安全漏洞,windows,黑客,微软,拉斯维加斯,基带,员工,专利,百度,黑客攻击,人脸识别,工业界,指纹识别,反病毒,特洛伊木马,软体,闪存,delphi,slim,黑客工具,computing,雅虎,数码产品,谷歌,迅雷,花旗银行,网上商店,mac,ai,串流,开发者,即时通讯,马云,网络广告,外挂,微软公司,用友,os,李东生,商业智能,android,腾讯,navigator,高通,google,新思,厂商,oracle,一体机,手机操作系统,笔记本,苹果,outlook,手机游戏,工具包,甲骨文,无人驾驶,,,,,,,,,,,,,,,,,,,,,,,,,,,,,,,,,,,,,,,,,,,,,,,,,,,,,,,,,,,,,,,,,,,,,,,,,,,,,,,,,,,,,,,,,,,,,,,,,,,,,,,,,,,,,,,,,,,,,,,,,,,,,,,,,,,,,,,,,,,,,,,,,,,,,,,,,,,,,
理想,选择,对象,状态,成绩,关键,总,表现,更好,现实,优秀,追求,成,里,合适,理想,最佳,稳定,自然,距离,发挥,真实,差,高度,唯一,期望,收获,品质,持久,设想,远大理想,盲目,希望,矩,成才,均衡,梦,未知,崇高,知,高尚,优良,应有,崇高理想,能为,首选,理想化,梦想,广阔,励志,目的地,途,远大,切合实际,志向,踏实,绝佳,远,实现理想,沮丧,征程,期望值,最差,看做,完美,各条战线,愿望,迷失,乐观,追寻,激情,不错,幻想,适宜,谈,唯一标准,破灭,择,,,,,,,,,,,,,,,,,,,,,,,,,,,,,,,,,,,,,,,,,,,,,,,,,,,,,,,,,,,,,,,,,,,,,,,,,,,,,,,,,,,,,,,,,,,,,,,,,,,,,,,,,,,,,,,,,,,,,,,,,,,,,,,,,,,,,,,,,,,,,,,,,,,,,,,,,,
强求,求,度量,无关,贪心,理,因果,有穷,珍惜,求得,干涉,强迫,求全,取舍,折中,欺,多提,許,他应,非分,分手,连句,感激,行不行,冒进,表露,下回,尝,强求,心有,别要,插手,上本,顺心,相干,缘,尽力,急躁,待人,送礼,坦诚,不空,不作,该是,抱,在乎,去求,着急,做主,有理,不究,,,,,,,,,,,,,,,,,,,,,,,,,,,,,,,,,,,,,,,,,,,,,,,,,,,,,,,,,,,,,,,,,,,,,,,,,,,,,,,,,,,,,,,,,,,,,,,,,,,,,,,,,,,,,,,,,,,,,,,,,,,,,,,,,,,,,,,,,,,,,,,,,,,,,,,,,,,,,,,,,,,,,,,,,,,,,,,,,,,,,
股票代码,中文名称,登陆,及图,简称,有限公司,edu,全称,前身,股票代码,股票名称,最高价,拟以,净利润,更名,,,,,,,,,,,,,,,,,,,,,,,,,,,,,,,,,,,,,,,,,,,,,,,,,,,,,,,,,,,,,,,,,,,,,,,,,,,,,,,,,,,,,,,,,,,,,,,,,,,,,,,,,,,,,,,,,,,,,,,,,,,,,,,,,,,,,,,,,,,,,,,,,,,,,,,,,,,,,,,,,,,,,,,,,,,,,,,,,,,,,,,,,,,,,,,,,,,,,,,,,,,,,,,,,,,,,,,,,
色调,元素,背景,风格,颜色,样式,视觉,裁剪,古典,色彩,着色,修饰,彩色,锐化,单调,呈现,对比度,偏,字体,造型,纹理,凹凸,简洁,美观,透视,亮度,滤镜,明暗,灰度,轮廓,渲染,光线,画面,设计说明,显得,调,搭配,灯光,恰到好处,绿色,装饰,线条,线型,视觉效果,窗帘,鲜明,色阶,图案,材质,光源,构图,黑白,条纹,照明,色调,灯,大胆,白中,基色,渐变色,红色,灰,红蓝,灰色,景物,氛围,感,格子,拼接,失,自然光,气氛,油漆,配色,底纹,减淡,布料,剪裁,以白,层次分明,三原色,色,砖,单色,反射光,渐变,法式,观感,呼应,餐厅,温馨,音色,调色板,不显,调子,美感,个人风格,饱和度,,,,,,,,,,,,,,,,,,,,,,,,,,,,,,,,,,,,,,,,,,,,,,,,,,,,,,,,,,,,,,,,,,,,,,,,,,,,,,,,,,,,,,,,,,,,,,,,,,,,,,,,,,,,,,,,,,,,,,,,,,,,,,,,,,,,,,
对立统一,相互,规律,平衡,实,二元,二分法,同构,发展观,必然性,三者,辩证唯物主义,对称性,因果关系,相对性,与物,内在联系,唯物辩证法,历史唯物主义,辩证关系,相互作用,辩证法,对立统一,集中体现,认识论,万事万物,守恒,辩证,辩证统一,自然规律,权变,二者之间,两极,无所不在,自然观,变易,哲学思想,快慢,人与物,依存,通性,整体观,客观存在,自然界,主客观,人与自然,因势,相互影响,物物,角度观察,有形,,,,,,,,,,,,,,,,,,,,,,,,,,,,,,,,,,,,,,,,,,,,,,,,,,,,,,,,,,,,,,,,,,,,,,,,,,,,,,,,,,,,,,,,,,,,,,,,,,,,,,,,,,,,,,,,,,,,,,,,,,,,,,,,,,,,,,,,,,,,,,,,,,,,,,,,,,,,,,,,,,,,,,,,,,,,,,,,,,,,,
温度,度,感知,天,密度,适中,光照,成熟度,适应能力,水,度数,温度,一层,转,触摸,导热,厚,天气,冷,温度计,心跳,度为,移入,天对,抖,碳化,热辐射,室内,为宜,脉搏,天气预报,气候,热量,比热容,热,节电,自来水,大风,户外,幸福感,低温,厚度,空气密度,膨胀系数,测温,吹风,清洁,静电,热风,气侯,热传导,早晨,恒定,,,,,,,,,,,,,,,,,,,,,,,,,,,,,,,,,,,,,,,,,,,,,,,,,,,,,,,,,,,,,,,,,,,,,,,,,,,,,,,,,,,,,,,,,,,,,,,,,,,,,,,,,,,,,,,,,,,,,,,,,,,,,,,,,,,,,,,,,,,,,,,,,,,,,,,,,,,,,,,,,,,,,,,,,,,,,,,,,,,
字符串,存储,编码,输入,数字,代码,字符,数组,数据类型,递归,字符串,运算符,符号,寄存器,嵌套,指针,链表,索引,赋值,二进制,队列,计数器,关键字,线程,串,遍历,构造方法,子程序,复制,整数,数据流,节点,标记,加密,作用域,标识符,报文,函数调用,替换,进制,对话框,分页,字节,构造函数,局部变量,二叉树,多态性,全局变量,进位,选择器,结点,抽象类,子集,数字签名,浮点数,数据源,数据项,正则表达式,编译器,十进制,十六进制,枚举,数据表,密钥,哈希,返回值,网络地址,域名,句柄,存储单元,闭包,神经网络,整型,单链,元组,前缀,操作数,游标,跳转,公钥,标号,决策树,超链接,随机数,基类,printf,聚类,字母,形参,选项,解码,static,实参,特征向量,程序执行,维数,权值,电子表格,主键,泛型,表头,字段,读入,子类,操作符,关键帧,带符号,解释器,父类,分词,逗号,select,神经元,socket,request,读取数据,字长,小数,内联,加密算法,逆序,素数,奇偶,文本框,显式,char,const,原始数据,分类器,后缀,string,访问者,掩码,双链,余数,大写字母,括号,index,序列化,空格,光标,卷积,每行,编辑框,列数,delete,exec,通配符,asp,四舍五入,特征提取,www,调用函数,自然数,jsp,非空,单元格,file,正则,明码,页脚,敲入,ajax,键值,创建对象,引号,slot,粘贴,区块,信息源,磁道,键入,单利,流中,负债表,item,嗅探,num,黑体,扇区,列中,质数,原数,数加,数中,html,operator,url,断点,小数点,key,英文字母,众数,len,script,为空,垃圾邮件,输入框,闰年,引文,小写字母,cout,第一行,merge,value,int,import,cookie,第几天,shift,param,boolean,三码,object,内存地址,float,私钥,struct,intent,类名,,,,,,,,,,,,
治疗,试验,进展,加减,生存期,移植,预防性,例,复原,调理,抗,诊断,复位,副作用,超声,药品,无效,辨证,整形,复查,医院,筛查,药名,cin,治病,药店,治疗,服用,患者,护理,诊病,药物,双侧,配制,医药公司,禁用,看病,换肤,该科,核磁共振,医务,病情,组织学,矫正,,,,,,,,,,,,,,,,,,,,,,,,,,,,,,,,,,,,,,,,,,,,,,,,,,,,,,,,,,,,,,,,,,,,,,,,,,,,,,,,,,,,,,,,,,,,,,,,,,,,,,,,,,,,,,,,,,,,,,,,,,,,,,,,,,,,,,,,,,,,,,,,,,,,,,,,,,,,,,,,,,,,,,,,,,,,,,,,,,,,,,,,,,,,
研究生,毕业,学院,本科,参考书目,大学,大学生,学分,论文,本科生,就业,高等学校,实习,专业本科,毕业设计,研究性,工科,高等院校,理工科,高校,高等教育,我校,学术,英语专业,本科专业,教授,岗位,研究生,毕业生,深造,院级,同济大学,海洋大学,学位,数学系,在校,撰写论文,北京航空航天大学,大学本科,求职,择业,入学,结题,学士学位,学生会,学报,研究所,毕业论文,论文答辩,法学,恋爱,大四,理工,招聘,奖学金,学术会议,石油大学,浙江大学,硕士,学年,专科,东北师范大学,导师,简历,本科课程,东南大学,师范,研究型,开题,学业,两岁,在校学生,理科,社团,学长,中国人民大学,中级职称,大中专,吉林大学,硕士学位,哈佛,对外经济贸易大学,留学生,重庆大学,天津大学,考研,东北大学,医学院,校史馆,美国哥伦比亚大学,名校,校,黑大,高级人才,东北师大,南京大学,山东大学,成绩优秀,八年,打工,复旦大学,本校,华中科技大学,跨专业,学霸,北京大学,高教,中国大学,以上学历,马里兰大学,创业资金,三时,美国大学,大二,北京体育大学,师范生,法学专业,省部级,四年制,安徽大学,武汉大学,优秀者,大三,清华大学,某校,中山大学,暑期,两年,究,四年,应届,研,,,,,,,,,,,,,,,,,,,,,,,,,,,,,,,,,,,,,,,,,,,,,,,,,,,,,,,,,,,,,,,,,,,,,,,,,,,,,,,,,,,,,,,,,,,,,,,,,,,,
降低,作用,提高,控制,进一步,循环,加深,影响,获取,生成,增强,质量,值,因素,速度,分解,安全性,高,变化,量,效率,水平,提升,恢复,覆盖,激发,增加,保证,差异,含,强化,转移,压缩,平均,转化,补充,间接,频率,并会,进一步提高,减少,风险,数据表示,比例,低,合成,下降,回收,起到,接触,相关性,好处,调节,接近,超过,因子,触发,加速,停止,利用率,弱,积极性,改善,一项,增进,少,略低于,释放,频度,有利于,退化,降低,上限,达,吸收,排除,最低,良,增,终止,极小,激活,导致,速率,干扰,最小化,延迟,清除,敏感性,阈值,率,转化成,减,抑制,缓解,使用者,加快,少量,缩短,可降,加大,相比,适应性,易,抵御,大于,强度,超标,低于,破坏,清空,防,略低,促使,大大提高,过多,准确性,缩小,弱化,变为,递增,松弛,小于,高于,掩盖,丧失,充足,取消,同期,少于,发生变化,成功率,避免出现,阻碍,工作效率,相当于,高到,倾斜,诱导,储存,负担,延长,刚性,致使,受限,重心,堆积,效能,增减,但加,性差,对抗,反射性,不利,过度,收缩,扩散,弹性,率较,促进作用,不利于,升,越高,一倍,节约,较差,排出,推迟,流向,恢复正常,更快,幅度,减轻,规避,承受能力,下调,大大减少,保护性,输出量,平稳,缓慢,损伤,以内,增大,可达,满意度,更高,污染,较慢,慢,依赖性,风险性,阀值,时间延迟,倍,尽量减少,减弱,减小,净,减去,长期保持,以较,化后,引发,尽量避免,越少,同等,随之,利于,越短,抵抗,适度,所需,适应度,大幅,延缓,中止,氧化,积聚,意味着,吸收性,受到破坏,加到,可控性,淡化,削减,,,,,,
男士,位,得体,售货员,朋友,饮料,购物车,爱人,点餐,aa,年龄,约会,女士,身,有车,售货,着装,异性,结婚,餐馆,女性,离婚,隐形眼镜,百元,人群,新郎,顾客,拉链,男性,舞伴,高龄,老人,单身,安全套,理发师,身高,同事,修身,女士们,男士,健壮,体贴,新娘,,,,,,,,,,,,,,,,,,,,,,,,,,,,,,,,,,,,,,,,,,,,,,,,,,,,,,,,,,,,,,,,,,,,,,,,,,,,,,,,,,,,,,,,,,,,,,,,,,,,,,,,,,,,,,,,,,,,,,,,,,,,,,,,,,,,,,,,,,,,,,,,,,,,,,,,,,,,,,,,,,,,,,,,,,,,,,,,,,,,,,,,,,,,,
装运,重载,运输,存放,先进先出,装载,箱,背包,吞吐量,采购,物品,铁道,桶,装箱,拆箱,物资,邮递员,交付,油罐车,辆,暂存,仓库,货机,辆车,一列,一船,矿山,装满,传送带,船舶,装运,燃料,回程,每辆车,进货,港口,播种,加油车,改装成,空运,开走,火车车厢,邮路,货物,每辆,拖拉机,开入,储藏,截获,箱内,清点,油料,入库,销毁,购物篮,成堆,每趟,搭设,第一辆,存货,,,,,,,,,,,,,,,,,,,,,,,,,,,,,,,,,,,,,,,,,,,,,,,,,,,,,,,,,,,,,,,,,,,,,,,,,,,,,,,,,,,,,,,,,,,,,,,,,,,,,,,,,,,,,,,,,,,,,,,,,,,,,,,,,,,,,,,,,,,,,,,,,,,,,,,,,,,,,,,,,,,,,,,,,,,,
习惯于,必做,习惯,视野,养成,会用,依赖,恰当,被动,获取信息,不用,易于,喜好,勤于,多于,对大,依赖于,思考问题,以往,贴近,离群,看作,忽略,看成,最合适,敏感,选择地,围坐,有意识,先入为主,本能,惯用,任何时刻,做些,保守,当作,必需品,固守,论是,局限于,左脑,习惯于,在外,停留,该用,鸵鸟,空虚,从前,忠实,下用,陌生,平日,,,,,,,,,,,,,,,,,,,,,,,,,,,,,,,,,,,,,,,,,,,,,,,,,,,,,,,,,,,,,,,,,,,,,,,,,,,,,,,,,,,,,,,,,,,,,,,,,,,,,,,,,,,,,,,,,,,,,,,,,,,,,,,,,,,,,,,,,,,,,,,,,,,,,,,,,,,,,,,,,,,,,,,,,,,,,,,,,,,,
抽象性,抽象,理论性,抽象思维,形式化,复杂度,独立性,复杂性,范式,应用性,派生,感性认识,创造性,表现形式,涉及面,符号化,形式语言,继承性,科学性,客体,特殊性,抽象性,规律性,动态性,实际意义,结构特征,相似性,概念性,泛化,指导意义,表达思想,物质性,实用价值,客观性,逻辑性,显著性,几何图形,唯一性,程序法,表达形式,演绎法,明喻,绝对性,时效性,行为能力,透明性,具体化,广泛性,信息量,经典性,描述性,关联性,思想性,演绎推理,工具性,交叉性,现实性,适用性,形式美,紧迫性,可信性,新颖性,时代特征,普遍性,有限性,三维空间,引导性,普适,抽象概念,物化,模糊性,性是,严谨性,本质特征,测度,无限性,对物,表意,意蕴,辨析,先验,独创性,用性,图型,差异性,地物,固定性,严密性,真理性,风格特征,抽象化,,,,,,,,,,,,,,,,,,,,,,,,,,,,,,,,,,,,,,,,,,,,,,,,,,,,,,,,,,,,,,,,,,,,,,,,,,,,,,,,,,,,,,,,,,,,,,,,,,,,,,,,,,,,,,,,,,,,,,,,,,,,,,,,,,,,,,,,,,,,,
核心部件,设备,性能,自主,存储器,机械,软件系统,器,通用,产品,关键技术,组件,部件,芯片,机,主机,可靠性,生产,外设,终端,高速,核心技术,中央处理器,内部结构,集成电路,工程化,传感器,控制技术,质量保证,传感,工程师,人机界面,系统集成,自动控制,制造,整机,研发,高性能,控制系统,组装,工厂,汽车,一台,台,引擎,液晶显示,存储芯片,装机,计算机控制,控制策略,技术水平,示意图,装配,元器件,固态,两台,电机,单目,发明专利,系统控制,高速度,防护系统,生产线,高可靠性,操控,人机工程,定位系统,核心部件,节能,高精度,电子元件,电子系统,连接件,寿命短,磁悬浮,智能性,低速,质量体系,经济性,集成化,电子设备,仪器仪表,电动,第一台,寿命,品牌机,零件,保护剂,燃料电池,日立,电池,芯片级,每台,供应商,耗能,主流产品,产品质量,散热器,衬板,成熟技术,稀土,上海通用,组装机,功耗,造,仿制,光电,后处理,集成度,浆料,最速,增强型,夏利,小型化,供能,永磁,储能,产品产量,导轨,,,,,,,,,,,,,,,,,,,,,,,,,,,,,,,,,,,,,,,,,,,,,,,,,,,,,,,,,,,,,,,,,,,,,,,,,,,,,,,,,,,,,,,,,,,,,,,,,,,,,,,,,,,,,,,,,
管理工作,工作,管理,考核,管理系统,人员,信息系统,事务,事件处理,责任,考核办法,资源管理,代理,管理信息系统,系统管理,培训,信息管理系统,事务处理,本级,负责,管理工作,职能,技术开发,人力资源,职责,工作者,担负,管理策略,财务,事务管理,风险管理,工作站,巡视,管理模式,管理者,专项,防范措施,骨干,工作进度,组织协调,担任,职位,具体任务,专题研究,管理人员,行政,分工协作,聘请,主要职责,明确分工,市场调研,交由,认真负责,履职,消防安全,责任制,职务,厂矿企业,卓有成效,成功经验,考评,搞好,教学科研,上岗,任务分配,路长,内务,抓好,科学管理,业务主管,企事业,精心组织,运筹,管理决策,员,上海市,拟订,,,,,,,,,,,,,,,,,,,,,,,,,,,,,,,,,,,,,,,,,,,,,,,,,,,,,,,,,,,,,,,,,,,,,,,,,,,,,,,,,,,,,,,,,,,,,,,,,,,,,,,,,,,,,,,,,,,,,,,,,,,,,,,,,,,,,,,,,,,,,,,,,,,,,,,,,,,
卡尔,基,高斯,欧拉,布尔,维,泰勒,格,分部,施密特,哈斯,优,希尔,波,格林,特,比特,罗尔,柯西,霍尔,约瑟夫,德,普朗克,卡诺,赫,特斯,格雷,波兰,夫曼,香农,库塔,霍夫曼,摩根,迈,龙格,上将,大师,康普顿,克隆,冈萨雷斯,雅,创造者,英国,尤拉,拉,助手,伽马,亚当,夫人,基尼,韦伯,维吉尼亚,莫雷,诺顿,拉丁,霍桑,五号,汉诺威,普里,斯特拉,姆,瓦,图斯,卡特尔,克鲁斯,迈克尔,纳,道格拉斯,兰克,梅森,蒂姆,里克,凯撒,俄罗斯,疯子,普拉斯,德文,赛尔,米尔顿,泰罗,林肯,霍兰德,达拉,阿金,安培,施耐德,波特,普,丽亚,隆,戴尔,汤姆森,姆斯,夫,威利,曼,库拉,哈尔,欧洲,列维,亨利,萨特,明尼苏达,布朗,沃森,贝,博恩,clark,卡耐基,全名,米特,迪,匈牙利,沃尔什,尼斯,爱尔兰,霍夫,波恩,安东尼,卡尔,豪斯,维亚,波尔,努尔,莱恩,加西亚,伯格,裔,布拉格,罗杰斯,英王,罗斯,阿贝尔,,,,,,,,,,,,,,,,,,,,,,,,,,,,,,,,,,,,,,,,,,,,,,,,,,,,,,,,,,,,,,,,,,,,,,,,,,,,,,,,,,,,,,,,,,,,,,,,,,,
到来,阶段,月,前,结束,日,消息,展开,带来,抓住,热情,机会,伴随,之中,等待,回归,开启,缺席,问候,时刻,唤醒,机遇,一步,最坏,将会,见面,离开,月份,预见,最快,时分,身边,场,走进,所有人,想到,感到,传来,倒计时,财富,刚刚,时机,回到,启航,渐近,走出,开端,一年,行将,最迟,一场,陪伴,忘记,生日,打算,一轮,刚过,久,让路,而来,前来,掀开,正好,呼唤,出生,序幕,到来,跟上,好运,成真,生出,一到,就绪,出行,走到,秋季,旺盛,入列,早,高峰,高潮期,无处不在,礼物,终于,之下,前夜,来临,新的一页,崭新,告别,平安,就位,离去,预料,,,,,,,,,,,,,,,,,,,,,,,,,,,,,,,,,,,,,,,,,,,,,,,,,,,,,,,,,,,,,,,,,,,,,,,,,,,,,,,,,,,,,,,,,,,,,,,,,,,,,,,,,,,,,,,,,,,,,,,,,,,,,,,,,,,,,,,,,,
孔,接口,插入,左,门,模,口,右,导,尾,池,直,径,音,槽,过细,毛,密封,引线,顶,插,布,针脚,锡,孔,井,双口,潜,过滤嘴,用微,其头,而边,仪,尖,缝,压入,网孔,对齐,滤,洞,扎,针,插口,,,,,,,,,,,,,,,,,,,,,,,,,,,,,,,,,,,,,,,,,,,,,,,,,,,,,,,,,,,,,,,,,,,,,,,,,,,,,,,,,,,,,,,,,,,,,,,,,,,,,,,,,,,,,,,,,,,,,,,,,,,,,,,,,,,,,,,,,,,,,,,,,,,,,,,,,,,,,,,,,,,,,,,,,,,,,,,,,,,,,,,,,,,,,
甲午战争,日本,洋务运动,太平天国,反侵略,帝国主义,抗日战争,鸦片战争,五四运动,求和,事变,俄国,维新派,侵华,变法,列强,战例,侵略战争,冷战,维新,八十年,洋务派,战后,第二次世界大战,镇南关,十月革命,丧权辱国,英美,对英,中日,八国联军,崇德,台海,弱国,甲午战争,国家兴亡,英军,,,,,,,,,,,,,,,,,,,,,,,,,,,,,,,,,,,,,,,,,,,,,,,,,,,,,,,,,,,,,,,,,,,,,,,,,,,,,,,,,,,,,,,,,,,,,,,,,,,,,,,,,,,,,,,,,,,,,,,,,,,,,,,,,,,,,,,,,,,,,,,,,,,,,,,,,,,,,,,,,,,,,,,,,,,,,,,,,,,,,,,,,,,,,,,,,,,
入门教程,教程,导论,入门,指导书,心得体会,手册,基础教程,初学者,全解,使用手册,实用工具,大全,入门教程,易懂,专业版,网有,更新快,,,,,,,,,,,,,,,,,,,,,,,,,,,,,,,,,,,,,,,,,,,,,,,,,,,,,,,,,,,,,,,,,,,,,,,,,,,,,,,,,,,,,,,,,,,,,,,,,,,,,,,,,,,,,,,,,,,,,,,,,,,,,,,,,,,,,,,,,,,,,,,,,,,,,,,,,,,,,,,,,,,,,,,,,,,,,,,,,,,,,,,,,,,,,,,,,,,,,,,,,,,,,,,,,,,,,,
必由之路,途径,坚实,打下基础,路径,组成部分,必要条件,坚实基础,良好基础,道路,起点,艰巨性,推动,首要,充分认识,基本方针,系统工程,开辟,惟一,均衡化,基石,必由之路,初级阶段,瓶颈,必然趋势,出路,面向未来,重大意义,重要环节,使命,主渠道,先决条件,战略目标,主阵地,坚定不移,新理念,终极目标,迈向,三大法宝,必备条件,重中之重,新途径,才能救,源头,里程碑,提高质量,创造条件,取长补短,历史使命,分水岭,要务,开拓创新,战略地位,早日,以优,之道,根本保证,作贡献,源泉,高级阶段,之路,生存之道,动因,顺应,战略意义,义不容辞,,,,,,,,,,,,,,,,,,,,,,,,,,,,,,,,,,,,,,,,,,,,,,,,,,,,,,,,,,,,,,,,,,,,,,,,,,,,,,,,,,,,,,,,,,,,,,,,,,,,,,,,,,,,,,,,,,,,,,,,,,,,,,,,,,,,,,,,,,,,,,,,,,,,,,,,,,,,,,,,,,,,,,
高超,熟练,经验,扎实,灵活,熟练地,敏锐,敏捷,高超,捕捉,操作能力,中数,步法,善于,人材,精通,驾驭,和技,可比,身体素质,慎密,灵敏,心理素质,英勇,卓越,入微,技法,天才,耐力,特技,情商,通晓,借用,洞察力,其右,手法,无遗,学识,才干,熟习,兼备,一流,缜密,判断能力,基本功,判断力,擅长,观察力,鉴赏力,警惕性,熟练程度,功底,柔韧,无不,人格魅力,本领,毫不逊色,,,,,,,,,,,,,,,,,,,,,,,,,,,,,,,,,,,,,,,,,,,,,,,,,,,,,,,,,,,,,,,,,,,,,,,,,,,,,,,,,,,,,,,,,,,,,,,,,,,,,,,,,,,,,,,,,,,,,,,,,,,,,,,,,,,,,,,,,,,,,,,,,,,,,,,,,,,,,,,,,,,,,,,,,,,,,,,
两类,定义,分类,性质,类,常见,区别,典型,特征,几种,非,三种,划分,两种,类别,分为,归纳,分层,四种,两类,区分,与非,一般性,广义,各种类型,指,差别,鉴别,三类,此类,每种,几类,五种,两大类,是非,分成,一部分,二是,属,分类法,一是,类中,大部分,下述,范畴,第一类,大类,哪几种,七种,第二类,质,共性,较广,或非,群体,一类,细分,范围广,选择性,五类,本质区别,狭义,所说,这类,之分,另一类,又称,类及,多种不同,以下几点,总的来讲,按非,各不相同,三大块,五大类,专指,具体表现,称作,指在,中较,绝大多数,总称,具体来讲,统称,分法,二种,或称,为类,多类,可分,乙类,传统意义,第二种,多种多样,三大类,第一种,视,泛指,绝大部分,较多且,此种,,,,,,,,,,,,,,,,,,,,,,,,,,,,,,,,,,,,,,,,,,,,,,,,,,,,,,,,,,,,,,,,,,,,,,,,,,,,,,,,,,,,,,,,,,,,,,,,,,,,,,,,,,,,,,,,,,,,,,,,,,,,,,,,,,,
复合型,型,综合性,集,复合,一体,为辅,新型,有机,先导,应用型,高素质,商务,多功能,复合式,综合型,兼有,创新型,复合型,逐步形成,高层次,兼具,通用型,综合体,专门人才,高效益,体验式,多用途,服务性,面广,特化,专业人才,多极,五位一体,单体,区为,它集,,,,,,,,,,,,,,,,,,,,,,,,,,,,,,,,,,,,,,,,,,,,,,,,,,,,,,,,,,,,,,,,,,,,,,,,,,,,,,,,,,,,,,,,,,,,,,,,,,,,,,,,,,,,,,,,,,,,,,,,,,,,,,,,,,,,,,,,,,,,,,,,,,,,,,,,,,,,,,,,,,,,,,,,,,,,,,,,,,,,,,,,,,,,,,,,,,,
以下内容,简介,删除,具体内容,对本,备注,声明,概要,文章,请,浏览,图片,指南,以下内容,为本,原文,摘要,注,访谈,演讲,仔细阅读,为准,截图,网络综合,文字描述,并作,自我介绍,全文,附录,注明,专题报告,导语,个人观点,附,摘录,节选,全部内容,白皮书,申明,示,仅供参考,,,,,,,,,,,,,,,,,,,,,,,,,,,,,,,,,,,,,,,,,,,,,,,,,,,,,,,,,,,,,,,,,,,,,,,,,,,,,,,,,,,,,,,,,,,,,,,,,,,,,,,,,,,,,,,,,,,,,,,,,,,,,,,,,,,,,,,,,,,,,,,,,,,,,,,,,,,,,,,,,,,,,,,,,,,,,,,,,,,,,,,,,,,,,,,
广域网,网络,通信,计算机网络,服务器,寻址,传输,端口,总线,无线,联网,局域网,因特网,分布式,防火墙,显示器,网络管理,互连,访问控制,数据通信,无线网络,布线,存储系统,网络系统,网络应用,网络协议,组网,信道,路由器,物理层,网络层,应用层,串口,交换机,子网,白盒,数据传输,网络通信,外部设备,万维网,存储设备,文件共享,传输层,联机,广域网,点对点,蓝牙,带宽,传输技术,动态分配,管理软件,网卡,网络服务,集线器,加密技术,双绞线,链路,级联,网关,物理地址,宽带接入,数据中心,客户机,电子政务,网络设备,子网掩码,城域网,网络结构,虚拟化,互联网络,无线通信,多机,传输方式,通信协议,机房,网络资源,数据交换,有线,宽带,低功耗,域名解析,商用,光纤,网络工具,磁盘阵列,通信网,校园网,测试软件,时延,电信网,应用服务器,多用户,扫描器,分布式计算,网管,异构,数据量,网桥,调制解调器,基础架构,电网,无线网,互通,数据链,光缆,电表,实时性,视频信号,蜜罐,激光打印机,数字电视,并口,代理服务器,网络软件,同轴电缆,收发器,喷墨,线序,联接,传输速率,点到点,网路,千兆,接入网,vlan,使能,桥架,双工,板卡,网络连接,网络接口,即插即用,芯片组,核心层,网络通讯,投影机,百兆,中继器,侦听,传输数据,桥接,网段,移动用户,传真机,邮件系统,超线程,宽带网,电子标签,电信,涉密,城域,计算资源,将物,终端设备,数据网络,连入,飞鸽,建网,窄带,单通道,vpn,局域,多模,代理服务,双频,计算中心,裸机,丢包,本地连接,掌上电脑,流控,连接性,dhcp,防病毒,网线,卫星通信,于云,智能建筑,互操作,内存条,视频点播,兼容机,,,,,,,,,,,,,,,,,,,,,,,,,,,,,,,,,,,,,,,,,,,,,,,,,,
品种,种类,标的,制品,年份,产品价格,种群,种植,产量,一只,短尾,版式,保质期,单支,品种,作物,替代品,币,奶制品,市场行情,原材料,添加剂,母鸡,宠物商店,性好,变种,面值,优选,,,,,,,,,,,,,,,,,,,,,,,,,,,,,,,,,,,,,,,,,,,,,,,,,,,,,,,,,,,,,,,,,,,,,,,,,,,,,,,,,,,,,,,,,,,,,,,,,,,,,,,,,,,,,,,,,,,,,,,,,,,,,,,,,,,,,,,,,,,,,,,,,,,,,,,,,,,,,,,,,,,,,,,,,,,,,,,,,,,,,,,,,,,,,,,,,,,,,,,,,,,,
代价,价值,失败,代价,前提,威胁,基数,冒险,等值,做出,计,贡献,换,人为,拒绝,无条件,理由,等于,限度,交易,付出,陷阱,后果,金钱,出队,损失,弱点,开出,消耗,决心,打赢,放弃,一方,打击,遭受,止,崩溃,补偿,献身,贪婪,砝码,必胜,从始至终,浪费,老本,应得,中得,麻烦,损耗,灾难性,不计,承诺,多花,大得多,伪装,一事,,,,,,,,,,,,,,,,,,,,,,,,,,,,,,,,,,,,,,,,,,,,,,,,,,,,,,,,,,,,,,,,,,,,,,,,,,,,,,,,,,,,,,,,,,,,,,,,,,,,,,,,,,,,,,,,,,,,,,,,,,,,,,,,,,,,,,,,,,,,,,,,,,,,,,,,,,,,,,,,,,,,,,,,,,,,,,,,
地向,面向,指向,着眼,抛出,中为,地为,举起,正向,适时地,面前,歉意,前向,中向,立正,试探性,退回,目光,打招呼,地使,准确无误,小步,地向,地是,地去,按着,踏着,对云,挥手,敬礼,转去,,,,,,,,,,,,,,,,,,,,,,,,,,,,,,,,,,,,,,,,,,,,,,,,,,,,,,,,,,,,,,,,,,,,,,,,,,,,,,,,,,,,,,,,,,,,,,,,,,,,,,,,,,,,,,,,,,,,,,,,,,,,,,,,,,,,,,,,,,,,,,,,,,,,,,,,,,,,,,,,,,,,,,,,,,,,,,,,,,,,,,,,,,,,,,,,,,,,,,,,,
崛起,打下,地位,奠定,后继,主流,流,时代,当今,优势,众多,挖掘,代表,成长,成就,兴起,融入,成熟,新兴,诞生,开拓,强大,局面,步伐,两大,继,复兴,集体,增长,新世纪,格局,受益,落后,建树,终结,行列,垄断,旗帜,超越,觉醒,端的,紧跟,外来,衰落,中流砥柱,改名,联想,主导,逼近,更替,引领,迁移,起步,活跃,追赶,末,抢占,中游,扩张,反攻,独占,淡出,飞跃,联盟,浪潮,辉煌,翻天覆地,迅猛,找回,后备力量,西南,占据,潮流,海外,冲击,势,强国,风云变幻,竞争力,初期,爆发,新一代,崛起,潜力,新亮点,一代,潮,新纪元,靠拢,争夺,解体,动摇,质变,征服,军备竞赛,剧变,独秀,巨大变化,竞争者,低潮期,奋起,不可否认,青睐,纷纷,衰退,以新,带领,势必,落伍,降价,涌现,新军,神话,推陈出新,沦为,实力,初露端倪,受挫,各大,风靡,销售量,容,重现,涌入,蓬勃,掀起,换名,焕发,二线,昌盛,倒退,吸引,蚕食,根基,奇迹,复苏,占优,居于,一批,式微,初创,大势,,,,,,,,,,,,,,,,,,,,,,,,,,,,,,,,,,,,,,,,,,,,,,,,,,,,,,,,,,,,,,,,,,,,,,,,,,,,,,,,,,,,,,,,,,
金光,溢出,化为,散,反射,消隐,开天辟地,面上,化成,双目,月光,奇异,流星,消去,电光,行者,从空,话音,斜,蛛网,夜幕,微变,筋斗,闪烁,瞬时,至大,鸣响,环绕,映,个空,东升,王云,附在,光波,柄,电弧,原形,微微,放射,激,红光,无量,天龙,怪笑,内力,亮,无形,辉光,华光,光芒,劈,刺,直视,光辉,骄阳,及体,透射,有道,金属性,垂,法性,法一,双臂,三道,旋,退避,金光,惊异,法相,之声,金刚,烟云,,,,,,,,,,,,,,,,,,,,,,,,,,,,,,,,,,,,,,,,,,,,,,,,,,,,,,,,,,,,,,,,,,,,,,,,,,,,,,,,,,,,,,,,,,,,,,,,,,,,,,,,,,,,,,,,,,,,,,,,,,,,,,,,,,,,,,,,,,,,,,,,,,,,,,,,,,,,,,,,
命运,离散,将来,生活,改变,终身,人生,路,走向,转折,改写,前途,命运,自救,手中,困境,爱情,婚姻,走上,成败,握,夭折,脆弱,一生,境遇,怀才不遇,荣华,余生,苦难,亲人,结局,性格特点,拯救,蝴蝶效应,起大,成功者,成功之路,远大前程,遭际,转折点,悲剧,处境,偶然,主动权,死,元春,挣扎,抉择,相识,堕落,伯乐,轨迹,,,,,,,,,,,,,,,,,,,,,,,,,,,,,,,,,,,,,,,,,,,,,,,,,,,,,,,,,,,,,,,,,,,,,,,,,,,,,,,,,,,,,,,,,,,,,,,,,,,,,,,,,,,,,,,,,,,,,,,,,,,,,,,,,,,,,,,,,,,,,,,,,,,,,,,,,,,,,,,,,,,,,,,,,,,,,,,,,,,,
语法,语言,语句,语法,参考书,知识点,读写,题目,翻译,写作,文本,词,词汇,英语,语义,英文,单词,汉字,听力,口语,语速,模板,短文,词典,短语,会话,句型,听懂,译文,句子,外文,文法,外语,词法,注释,上下文,课文,单元测试,学习者,题,词组,字典,汉语,英语单词,量词,语法结构,语篇,逻辑关系,中文,写法,构词法,笔记,听写,名词,写作方法,自然语言,语言表达,用语,句法,通顺,达意,复述,英语口语,记叙文,生词,重写,词语,解题,语,对偶,词汇量,双语,拼写,例题,听说读写,语境,模版,准确率,语法错误,语调,题型,增删,英译汉,同义词,各章,汉译英,修辞,用词,状语,从句,题解,副词,连读,时态,填空,填空题,词义,表达方法,选择题,写作技巧,语言特点,翻译成,英语词汇,练习题,精读,错误率,俄语,课后练习,形容词,精讲,发音,流利,读出,汉译,标点符号,评分标准,修辞手法,大小写,词性,汉英,应用文,流利地,英语水平,数学公式,语气,谓语,数词,笔译,美式英语,常用语,略读,写作水平,介词,识记,能看懂,语言学,听读,句式,弱读,疑问句,互译,泛读,第二册,英汉,选词,议论文,指法,多加练习,跟读,动词,作文,辅音,字母表,背诵,重读,条理,实词,例文,导图,単,音标,語,判断题,简单句,英语听力,语态,母语,日语,比较级,近义词,词汇表,复合句,正音,中学英语,音调,短句,连词,断句,拆字,词类,英语语法,读法,词尾,选文,音节,英文单词,听音,语料,主谓,定语,连接词,语言障碍,单句,重音,黄皮书,代词,长短句,词句,意译,托福,扩写,音高,八股文,讲多,外研社,难句,高频词,降调,倒装,关联词,口译,表语,语用,虚拟语气,辅导材料,单选,词源,串讲,英语演讲,改错,知网,死记,歧义,俚语,古代汉语,文意,雅思,普通话,读音,变位,现代汉语,中英文
排序,计算,序号,表,顺序,统计,随机,查找,排序,编号,数值,序列,评定,优先,优先级,计数,任选,列表,最优,选,表格,任意,排列,检索,日期,选取,指定,列,分区,次数,提取,表中,个数,一览表,选定,次序,列出,参照,自选,依次,倍数,抽样,平均值,抽取,筛选,打分,加权,难易,关键词,评分,谱,相加,清单,先后顺序,候选,排,报数,累加,参见,选出,数在,递进,并列,所选,备选,顺序排列,从表中,由小到大,罗列,以此类推,数等,而定,起始,对照,单数,重排,拆分,递减,库中,总评,从左到右,所列,表来,挑选,每件,均分,择优,类推,考量,首位,中选,双数,顺次,倒序,数到,分项,倒数,列上,按该,哪几,分配原则,等额,本表,待定,重新排列,中位数,各年,配对,辈份,逐个,依此类推,左向右,每项,逐次,会排,记入,比一比,套数,指标体系,排除法,对子,及点,,,,,,,,,,,,,,,,,,,,,,,,,,,,,,,,,,,,,,,,,,,,,,,,,,,,,,,,,,,,,,,,,,,,,,,,,,,,,,,,,,,,,,,,,,,,,,,,,,,,,,,,,,,,,,
科学技术,工业,科学,应用领域,创新能力,中国,前沿,世界,国家,科学技术,仪器设备,技术手段,实验室,信息技术,我国,先进,信息化,成果,人才,计算机技术,多媒体技术,科研,科学研究,自然科学,人类,工程技术,科技,虚拟现实,计算技术,信息产业,信息时代,国防工业,各个领域,实用技术,科学实验,飞速发展,国防,先进性,普及,生产力,各行各业,产物,农业,国际形势,研制,科研成果,研究课题,数字信息,国防建设,革命性,研究进展,经济社会,法制,大国,显微镜,技术落后,学科建设,人类文明,仿生学,基础科学,前沿性,遥感,现代科学,测绘,迅猛发展,航天,研究成果,新兴学科,高技术,申请专利,跨世纪,超前,核技术,现代战争,生产实践,经济效益,日新月异,举世瞩目,科技成果,不断创新,前沿科学,电子产品,现代科技,照相机,接轨,最前沿,科研开发,王选,科研单位,科技含量,外国专家,应用科学,航天技术,发明,科学普及,十一五,文化教育,丰硕成果,大力提倡,电子计算机,农科,科研所,不断更新,科技人才,奥林匹克运动,工业生产,科技知识,原子能,中国专利,监测技术,光学仪器,高科技,航空工业,,,,,,,,,,,,,,,,,,,,,,,,,,,,,,,,,,,,,,,,,,,,,,,,,,,,,,,,,,,,,,,,,,,,,,,,,,,,,,,,,,,,,,,,,,,,,,,,,,,,,,,,,,,,,,,,,,,,,,,
学科知识,培养,一门,教材,基础知识,教学要求,教学大纲,学科,实验教学,多媒体教学,所学,数学,物理,理论知识,课堂教学,实践性,专业课程,启发式,教学方式,课程目标,重难点,习题,算术,课程设计,课程内容,基本技能,联系实际,专业知识,必修课程,课题,结构化,逻辑推理,逻辑思维,思维能力,自学能力,举一反三,掌握情况,信息处理,跨文化,表达能力,知识面,数学知识,教学模式,教师应,学习策略,培养目标,施教,重点难点,写作能力,外语教学,课内,教学计划,心理学,解析几何,理解能力,课程体系,考核内容,素质教育,知识结构,实践经验,因材施教,课程标准,本学科,试题,英语教学,知识库,交叉学科,教学效果,科学态度,文献检索,各门,智力,加减法,教学活动,考查,多门,教学法,社会科学,科学素养,课本,解题技巧,学科知识,专业英语,教材内容,人际交往,本课,由浅入深,课中,心理咨询,生涯规划,培养能力,实验设计,测试题,各学科,化学,专业技能,模拟训练,问答题,思想品德,简答题,国防教育,教学质量,讲透,基础训练,该门,心理品质,职业规划,应用题,础,创设,基础教育,门类,性知识,操作技能,课文内容,习题集,测验,人际沟通,社会学,个人兴趣,数学课程,教学管理,学科专业,学与,心理特点,书本知识,识读,学习动机,课以,业务水平,新教材,应试,人际,实务,课外辅导,人机对话,由易到难,填鸭式,中小学,兴趣爱好,第二课堂,教研,行为科学,校内外,教学资源,地理,自理能力,校园文化,科学知识,学理,考试制度,课程计划,语言文字,教风,庞杂,启蒙教育,理解力,所读,名师,平面几何,音乐演奏,中学数学,教学系统,师资队伍,办学,教学相长,教学研究,历史学,触类旁通,教育学,教育体制,右脑,精品课程,积极思考,英语课程,教与学,计算题,情境,用书,数理,语文,职业技能,,,,,,,,,,,,,,,,,,,,,,,,,,,,,,,,,,,,,,,,,,,,,,,,,,
切片,材料,块,预处理,混合,过滤,装入,分块,容器,片,取,调制,放在,制作方法,取样,片上,切片,放入,起泡,均匀,再用,打包,透,变色,吃,入,适量,放到,熟,摘下,待用,薄片,带子,放,新鲜,平铺,置入,清洗,时取,米粉,骤,去掉,滤掉,香浓,鸡,只鸡,端到,萝卜,水果,做成,面粉,用半,切面,橙皮,每块,割,取出,每份,蔗糖,空口,皮,椒盐,速冻,菜根,几块,串上,片后,享用,做法,模具,売,成段,菜,,,,,,,,,,,,,,,,,,,,,,,,,,,,,,,,,,,,,,,,,,,,,,,,,,,,,,,,,,,,,,,,,,,,,,,,,,,,,,,,,,,,,,,,,,,,,,,,,,,,,,,,,,,,,,,,,,,,,,,,,,,,,,,,,,,,,,,,,,,,,,,,,,,,,,,,,,,,,,,
修正案,修订,新版,宪法,条例,选区,现行,委员会,表决,选举,条令,条约,总统,第一条,选举人,联邦,修正案,保护法,判决,就职典礼,共和党,废除,环境法,公民权利,大选,公约,法案,编列,美国国会,条款,两岸关系,委员,报导,该条,美国移民,投票,投票系统,管理法,澳,指导方针,提案,民主党,议题,党团,联合国大会,选票,,,,,,,,,,,,,,,,,,,,,,,,,,,,,,,,,,,,,,,,,,,,,,,,,,,,,,,,,,,,,,,,,,,,,,,,,,,,,,,,,,,,,,,,,,,,,,,,,,,,,,,,,,,,,,,,,,,,,,,,,,,,,,,,,,,,,,,,,,,,,,,,,,,,,,,,,,,,,,,,,,,,,,,,,,,,,,,,,,,,,,,,,,
美丽,曲线,美,生动,初识,展现,生命,美丽,映象,平凡,自信,爱,喜欢,勇敢,美好,热爱,永恒,青春,神圣,时尚,真诚,行走,遇见,欣赏,静,和谐,倒影,瀑布,情窦初开,奇妙,难忘,魅力,尽情,歌唱,水仙花,无数,朴素,之美,舞蹈,美的,坚强,宽广,快乐,点亮,飞翔,一枝花,露营,千千结,友谊,真情,微笑,度假,穿越,艳,这条,面貌,席慕容,精灵,野鸭,春风,从容,圆圆,幸福生活,瘦,一身,皎,灿烂,爱上,依依,留念,像是,珍珠,哈达,雪山,幸福,红艳,与众不同,原生态,怦然心动,凸凹,活力,美妙,大方,漂亮,风采,真爱,,,,,,,,,,,,,,,,,,,,,,,,,,,,,,,,,,,,,,,,,,,,,,,,,,,,,,,,,,,,,,,,,,,,,,,,,,,,,,,,,,,,,,,,,,,,,,,,,,,,,,,,,,,,,,,,,,,,,,,,,,,,,,,,,,,,,,,,,,,,,,,,,,
安排,时间,安排,做,计划,沟通,布置,接受,做好,定时,主动,配合,固定,定点,次,设,预定,协调,路线,胜任,分工,单独,选做,考察,找,预备,提前,接,进,期间,通知,作好,给予,编排,预先,日程表,日程,顺利完成,一周,行程,事先,合理安排,邀请,协助,转场,适时,报到,预留,趟,统一安排,前一天,充分准备,假期,照顾,临时,自由选择,空缺,到位,临场,接人,提前准备,计划表,有条不紊,接待,时间段,周密,更衣,批,就近,送,时间表,轮流,拟定,吴海燕,前到,调换,备,当天,选点,交给,,,,,,,,,,,,,,,,,,,,,,,,,,,,,,,,,,,,,,,,,,,,,,,,,,,,,,,,,,,,,,,,,,,,,,,,,,,,,,,,,,,,,,,,,,,,,,,,,,,,,,,,,,,,,,,,,,,,,,,,,,,,,,,,,,,,,,,,,,,,,,,,,,,,,,,,
手工操作,制作,机器,流水线,处理过程,手工,自动化,加工,批量,人工,多道,存贮,原始,流水作业,工艺,人力,车间,生产方式,效率高,记数,计算机化,工序,数据录入,及用,工业化生产,工效,一丝不苟,操作员,纺织,现用,手工操作,轧钢,精细,单件,繁杂,工艺流程,,,,,,,,,,,,,,,,,,,,,,,,,,,,,,,,,,,,,,,,,,,,,,,,,,,,,,,,,,,,,,,,,,,,,,,,,,,,,,,,,,,,,,,,,,,,,,,,,,,,,,,,,,,,,,,,,,,,,,,,,,,,,,,,,,,,,,,,,,,,,,,,,,,,,,,,,,,,,,,,,,,,,,,,,,,,,,,,,,,,,,,,,,,,,,,,,,,,
