计算机,8
结构,161
目的,27
基本概念,158
培养,50
实践,178
工作,50
数据,144
一门,149
常用,27
计算机科学,33
熟悉,115
程序设计,10
解决,32
简单,157
概述,37
作用,6
开发,174
功能,171
包括,7
定义,41
提高,32
语言,67
综合,144
程序,79
介绍,110
基本原理,37
模型,8
思想,39
采用,151
选择,134
环境,132
软件,173
后续,7
算法,8
管理,50
利用,160
编程,10
分类,41
操作,30
控制,32
工具,27
计算,8
步骤,142
建立,181
函数,10
网络,154
信息,130
具备,2
教材,158
形式,157
工程,151
法,5
实例,10
性质,41
项目,13
初步,142
标准,12
逻辑,48
基础知识,158
上机,79
序号,135
时间,128
领域,140
技能,160
熟练掌握,72
性,2
教学要求,189
之间,118
存储,8
安排,50
教学大纲,189
编写,74
对象,41
年,74
运算,8
描述,157
打下,62
特性,155
转换,114
体系结构,154
运行,118
动态,8
时,25
基本知识,102
学科,33
验证,172
数据结构,10
应,129
类,164
实验教学,189
核心,37
需求,123
编码,8
文件,24
软件工程,33
数据库,173
测试,36
硬件,8
流程,140
训练,141
条件,32
进一步,7
案例,164
多媒体教学,189
模式,178
章,185
常见,164
规则,12
提供,32
学会,127
区别,182
输入,70
情况,93
新,55
操作系统,173
独立,112
课堂,141
出版社,74
式,171
用户,51
支撑,103
毕业,175
解决问题,36
做,36
策略,88
所学,102
涉及,164
格式,139
通信,96
典型,41
原则,32
输出,160
地位,106
机制,8
技巧,84
表,135
图,16
学院,89
计算机专业,175
正确,172
特征,41
熟练,72
相结合,116
接口,173
几种,164
非,164
软件开发,140
奠定,62
意义,62
环节,7
高级,99
社会,77
连接,126
基础课,66
多媒体,171
框架,178
清华大学出版社,74
调试,79
循环,114
设备,155
阶段,118
工业,77
点,73
科学,102
表达式,52
性能,42
加深,6
配置,171
教师,189
数学,67
创建,70
讲解,110
状态,118
版,76
访问,130
月,73
自主,134
计算机网络,154
服务,140
历史,49
设置,155
影响,132
项目名称,13
面向对象,10
语句,165
简介,13
参数,8
电子,42
数字,144
语法,67
实施,12
调用,70
教育,89
空间,6
查询,122
维护,32
发展趋势,120
代码,70
给出,159
属性,155
物理,102
必修,149
方向,113
计算机系统,79
思维,48
引导,19
课,141
意识,121
构造,114
注重,82
参考书,66
绪论,39
体系,37
获取,8
平台,140
演示,98
求解,52
执行,12
三种,164
静态,16
元素,0
途径,19
安装,173
判断,41
存储器,58
扩展,114
变换,45
生成,114
增强,2
理论知识,102
本科,175
规范,12
型,171
变量,52
间,85
考核,170
内部,194
两个,35
建模,8
指标,159
划分,41
资源,181
创新,178
背景,6
基本操作,79
动手,145
字符,139
抽象,157
选修,175
输入输出,65
本章,185
显示,159
面向,140
写出,84
撰写,74
表达,165
顺序,180
开设,89
协议,24
课堂教学,189
含义,4
编译,70
数组,10
提出,159
实践性,116
同步,120
应用程序,173
模块,8
阅读,84
一种,178
活动,198
优化,8
分析方法,178
两种,164
分支,114
集成,126
专业课程,175
化,120
公式,52
图形,139
达成,24
数据类型,10
文档,173
相互,112
建议,36
原因,132
报告,159
机械,33
事件,101
实验报告,66
专业课,66
地址,13
层次,99
选用,32
基础理论,102
概论,39
三个,193
指令,56
启发式,189
命令,56
解释,145
先修,125
教程,162
评价,167
软件系统,140
知识点,158
模拟,8
整体,6
需,129
坚实,161
传统,178
角度,138
识别,8
思路,88
树,29
记录,144
规划,151
电路,65
包含,126
多种,7
重要性,82
几个,47
应用领域,140
定理,52
软件设计,173
进程,62
单元,99
数据库系统,10
成绩,167
第二节,150
线性,161
完整,32
中断,56
第一节,150
教学方式,189
学,141
综合性,177
矩阵,8
辅助,2
删除,162
组合,198
素质,121
结论,41
快速,25
特别,2
第三节,150
代数,52
现状,3
经典,91
课程目标,189
递归,10
重难点,158
字符串,70
系统地,178
交流,181
参考书目,108
质量,32
方案,151
运算符,10
求,127
服务器,117
符号,157
未来,3
强,2
统计,144
公共,12
随机,134
值,87
打下基础,62
评估,159
界面,16
器,155
类别,182
正确性,116
二维,16
检测,93
各类,164
详细,142
习题,158
交换,24
度,82
查找,108
管理系统,140
解决方案,140
路径,178
通用,40
著,74
大学,89
计算方法,52
名称,45
较强,2
计算机硬件,154
兴趣,25
文化,77
建设,120
集,171
团队,198
内存,58
举例,8
推理,48
调度,56
架构,8
经验,121
译,74
产品,123
必做,66
基本功能,171
修改,45
着重,142
更新,162
用于,27
必修课,66
传递,19
进度,66
用法,61
章节,158
成员,198
寻址,154
支持,106
主编,74
因素,132
子,60
种类,164
嵌入式,171
精神,94
制作,194
开发工具,51
分组,170
传输,117
连续,132
外部,103
构建,120
关键,25
集合,193
经济,77
导论,39
很强,2
算术,52
理论性,48
数学模型,52
统一,148
网络安全,140
实用,171
初始化,70
图像,8
改进,36
第四节,150
课程设计,189
讲述,49
定位,41
排序,144
要素,37
具体内容,12
机器,8
必要性,116
段,49
速度,167
分解,180
创新能力,116
国际,43
互联网,120
前,17
关键技术,174
保护,32
最小,128
课程内容,189
寄存器,65
编号,60
信号,93
层,99
复习,66
安全性,182
继承,19
系列,7
离散数学,10
高,87
虚拟,155
嵌套,126
观察,138
写,84
后继,62
数,144
解,105
素养,121
时序,79
特定,27
把握,121
编辑,90
搜索,8
汇编语言,10
计划,24
中国,43
编著,74
多个,47
动画,49
端口,117
主流,148
异常,93
数据处理,140
基本技能,102
总,128
错误,130
复合,78
指针,65
证明,172
常量,52
组成部分,193
变化,148
企业,140
等价,52
量,144
选修课,141
结束,62
效率,8
自动,8
作,27
数值,155
深度,87
前沿,43
读写,67
程序开发,51
表现,167
水平,118
线,44
自学,66
日,73
生命周期,37
思考,48
准则,37
控制器,65
驱动,114
主,86
网络工程,33
码,144
窗口,16
沟通,106
开发技术,51
主题,49
体现,6
大学生,89
拓展,140
总线,65
术语,157
扎实,48
序列,180
规律,116
全,193
响应,56
态度,106
链接,162
联系实际,84
入门,127
实体,126
世界,43
学分,175
域,114
提问,98
页面,16
参考,144
对本,159
国家,43
离散,148
方程,52
将来,3
题目,137
流,113
组,44
计算机软件,33
性能指标,174
n,60
交互,140
优缺点,182
严谨,48
网站,130
课件,66
领会,11
软硬件,140
键盘,109
周期,184
专业知识,102
最新,159
结构设计,151
最终,25
高等数学,10
必修课程,149
启动,7
提升,6
组件,173
视图,16
阐述,37
准确,72
科学技术,102
程度,87
文件系统,173
更好,25
插入,126
中心,194
调整,45
趋势,148
提交,24
分,150
恢复,148
分为,111
课题,174
课后,141
库,10
系统结构,10
覆盖,126
对称,0
参与,36
历程,62
文字,139
网,22
优点,182
人员,50
激发,2
理论课,141
包,46
评定,176
仪器设备,174
考试,137
一维,52
特色,177
书面,24
自定义,16
判别,41
消除,6
角色,49
优先,129
信息系统,140
系统软件,173
绘制,16
应用软件,173
这门,149
引用,108
习惯,132
映射,126
清晰,161
无线,96
观点,39
乘法,52
判定,41
规范化,120
高效,32
备注,122
认知,121
翻译,152
关联,41
材料,42
效果,2
技术手段,8
消息,56
几何,157
曲线,0
链表,10
增加,6
生活,146
联网,140
网页,117
索引,10
传送,19
数据模型,8
高等教育出版社,76
概况,13
检查,93
完善,120
逻辑运算,8
体,114
职业,106
本门,1
正确认识,102
预测,144
处理器,8
第五节,185
小组,198
整理,144
视频,25
协作,181
外,35
触发器,65
灵活,160
赋值,70
实验室,95
论文,108
风格,0
二进制,10
求法,52
保证,32
局域网,96
块,194
出发,113
起源,114
展开,62
要点,158
跟踪,93
物,27
总体,148
信息技术,120
现象,164
优先级,8
体会,68
书写,139
我国,43
审核,90
第一,193
部件,65
给定,52
写作,84
两,35
队列,100
并行,120
通道,113
差异,6
抽象思维,157
锻炼,36
向量,52
添加,36
说,145
解答,110
难度,36
发现,93
位,44
成功,25
文本,67
共享,181
内容提要,22
度量,157
芯片,58
查阅,108
引入,7
仿真,174
本科生,175
计数器,65
位置,44
大型,171
先进,43
颜色,0
含,129
编程语言,10
可靠,32
本质,37
法律,12
源程序,117
流程图,16
流行,101
机,171
因特网,96
分布式,8
视野,115
估算,144
细节,82
期末,66
单位,89
信息化,120
先,25
面临,118
一体,171
长度,0
布局,151
若干,47
树立,106
字,139
约束,12
用户界面,51
符合,192
板书,189
迭代,8
美,146
探索,36
项目管理,50
计数,144
大小,194
表示法,52
无关,82
归纳,41
结构化,8
路由,117
声明,24
合作,24
防火墙,154
成果,95
设计方案,151
区域,118
层次结构,10
贯穿,126
微机,79
异步,117
场合,78
完本,74
分层,99
为辅,27
强化,6
程序运行,117
软件测试,173
密码,122
概率,9
并发,92
应使,129
理念,37
多重,7
英文名称,152
转移,6
读,175
目录,108
现实,192
事务,119
逻辑推理,48
词,165
形式化,157
拓扑,83
短,87
逆,86
内核,117
关闭,56
任选,134
列表,16
打开,36
四种,193
源,105
主机,58
信息安全,140
国内外,43
冲突,6
人才,3
词汇,165
关键字,70
旨在,27
数量,144
感知,121
两类,164
时钟,109
时代,62
命名,131
导向,6
健康,92
优秀,167
最优,32
养成,132
定律,52
返回,56
权限,156
子系统,140
追求,82
制定,12
英语,67
线程,117
菜单,16
线性代数,10
死锁,117
磁盘,173
正确理解,11
自我,195
人民邮电出版社,74
成,6
数据挖掘,8
交叉,14
语义,67
布置,99
十,193
重载,21
显示器,58
网络管理,96
合格,32
编,90
老师,141
行业,3
级,193
计算机技术,33
多媒体技术,120
编制,12
智能,171
积累,132
小型,171
人工智能,8
运动,0
有限,128
文献,108
重,105
借助,160
封装,58
中等,188
串,136
分段,40
参加,170
一阶,1
各项,7
云,105
逻辑思维,48
压缩,6
接受,36
请求,145
发展史,62
电子商务,140
可靠性,182
元,105
执笔人,74
while,53
积分,167
异同,178
重视,106
微处理器,58
c,60
思维能力,121
汇编,74
遍历,70
积,167
重复,36
五个,193
平均,144
状况,93
数据管理,140
发布,159
业务,140
if,53
控件,16
科研,95
预处理,174
分布,144
发生,49
生产,123
流水线,79
选,134
科学研究,95
英文,152
热点,101
表格,16
北京,43
反,41
法则,127
测试方法,182
单词,67
内涵,157
转化,114
互动,101
价值,30
构造方法,70
任意,134
备份,173
至少,128
处理过程,79
复杂度,117
措施,7
现有,120
示例,16
口头,24
区,118
测试用例,117
极限,36
实时,8
for,75
周,73
分析法,52
过渡,148
号,60
阐明,39
子程序,70
现代化,120
自学能力,66
就业,175
推导,52
平面,194
定时器,65
适合,182
保存,108
编程技术,10
原型,49
栈,70
里,25
链,140
三维,16
界面设计,51
时数,141
复制,70
当今,101
整数,52
改变,36
汉字,139
中文名称,28
边缘,194
区分,41
锁,126
独立性,48
客户端,117
复杂性,178
可视化,120
概要,59
多维,120
调查,159
展示,98
场景,8
优势,160
页,74
文章,84
基本特征,178
打印,139
外设,58
微,60
终身,132
数据流,117
说明书,79
绑定,122
补充,32
多态,10
直线,0
会用,27
处理程序,79
关注,101
收集,142
占,144
听力,67
注意事项,129
系,105
间接,19
成本,123
推荐,110
规格,123
深刻理解,11
技术指标,30
解法,52
终端,140
双,44
平衡,32
简要,142
节点,8
同学,89
微分,52
前沿技术,140
互连,96
完整性,116
项,193
简化,120
排列,180
第三,193
选课,66
系统分析,174
合适,87
用途,27
标记,155
西安电子科技大学,163
隐藏,82
加密,154
做好,32
提示,164
定时,32
语音,67
模块化,120
启发,36
举一反三,72
讲,49
加法,52
报,73
实,105
解析,158
自然科学,102
期末考试,66
程序控制,79
计算机相关,33
访问控制,117
缺陷,6
搭建,140
器件,65
必要条件,172
与非,129
依赖,6
始终,132
挑战,36
图像处理,8
及格,167
政策,12
平时,132
最短,128
switch,51
评审,151
验收,151
频率,9
微型,171
功能模块,140
制度,12
数据通信,96
检索,108
实用性,182
段落,165
检验,172
防范,164
声音,186
不及格,167
脚本,117
合理性,116
广播,22
按钮,16
流量,8
分钟,150
广度,182
作用域,70
规模,144
日常生活,82
稳定性,32
冗余,8
预防,92
可编程,8
a,53
并会,7
行,113
扫描,16
伪,19
节,150
标识符,70
掌握情况,72
高速,81
政治,77
群,44
置换,19
编写程序,10
无线网络,96
接收,24
信息处理,140
口语,67
限,129
学校,89
报文,117
语速,165
布线,83
参考资料,108
注册,122
发送,122
存储系统,140
恰当,165
下载,162
认证,172
高等学校,175
进一步提高,32
探究,114
模板,16
例子,172
理想,192
do,185
故障,65
出版,74
多项式,52
短文,84
机理,174
网络系统,154
会求,52
人类,95
实习,175
跨文化,178
网络应用,96
二阶,1
紧密结合,11
一般性,41
网络协议,154
竞争,3
可行性,182
实验课,141
全过程,120
混合,47
用到,40
组网,96
人机交互,140
想象,157
序,105
传授,127
主动,25
入侵,23
新型,171
范式,178
信道,96
路由器,96
宏,90
函数调用,70
每次,128
设计模式,10
日期,45
配合,32
屏幕,139
现场,98
词典,67
制,47
短语,61
虚,38
物理层,154
工程技术,33
旋转,194
缓冲,103
画出,0
表达能力,48
驱动程序,173
事件处理,119
演变,114
指导书,116
展望,184
会话,117
核心技术,174
修订,12
讲座,98
世界观,39
知识面,102
广义,4
听,49
选取,142
合并,45
前景,3
实质,41
标志,194
有机,171
第六节,185
长,113
广,105
过滤,83
估计,128
句型,67
专业本科,175
部署,50
毕业设计,66
版本,162
最佳,128
样式,194
替换,6
中要,129
时期,62
数字电路,65
法等,5
课时,141
应用性,116
攻击,23
m,60
互斥,117
标签,101
进制,10
盖章,172
一致性,116
正,118
构件,80
扩充,47
越来越,148
指向,4
熟练地,46
法规,12
对话框,16
稳定,32
复用,174
登录,122
引言,62
填写,122
级别,118
确认,172
减少,6
系统安全,140
区间,9
方案设计,151
软,161
谓词,61
环,193
方法论,39
回溯,114
体积,194
分页,16
承担,50
多级,120
数字化,120
左,90
世纪,43
投影,16
接入,140
预期,184
移位,103
动作,36
责任,94
科技,8
每分钟,128
字节,10
机构,144
自动机,80
数学知识,102
教学模式,189
风险,164
题材,49
请,25
坐标,60
所用,27
远程,155
构造函数,70
这一,7
指定,45
连通性,96
微分方程,52
第一个,128
局部变量,70
曲面,0
听懂,67
命题,39
已有,144
围绕,7
有的放矢,72
浏览器,162
国外,43
存储空间,8
自然,6
列,144
演算,109
三角,194
为例,144
科学计算,8
查看,142
提纲,84
b,60
二叉树,10
设计阶段,151
结构图,16
网络层,96
考核办法,50
派生,114
艺术,157
细化,12
音频,22
大意,82
系数,52
人生观,39
战略,88
科学出版社,74
体制,77
应用层,140
面积,166
串口,58
透彻,157
误差,8
测量,16
批处理,117
防护,99
单片机,65
观念,178
数据表示,144
各种类型,164
手工,194
有效性,116
初始,114
底层,99
整合,181
绘图,16
溢出,46
客户,123
管理器,173
内置,155
心得体会,84
多态性,10
比例,144
黑盒,58
x,60
波形,83
反馈,159
有序,148
浏览,16
坚实基础,62
回答,145
元件,65
引脚,65
局部,0
全局变量,70
容量,155
并用,27
联合,24
光盘,64
概率论,10
电子邮件,122
堆栈,8
一组,78
众多,193
综述,108
基,5
回顾,98
译文,165
标准化,120
交换机,96
游戏,51
价值观,94
数据仓库,140
选题,84
话题,101
中央处理器,58
脉冲,9
装入,46
重用,156
资源管理,140
挖掘,36
进位,88
鼓励,106
初等,52
读取,117
多线程,117
体验,177
条,113
分区,171
先导,120
鼠标,109
子网,96
天,113
答辩,66
列举,144
研究性,116
适用范围,182
个体,178
等级,155
毛泽东思想,104
周数,9
选择器,16
改革,12
物理量,52
工科,175
交际,121
采样,83
确立,41
数理统计,10
结点,10
第三版,76
班,89
融合,126
媒体,101
键盘输入,109
数据分析,8
实际操作,192
切换,134
句子,165
笔试,137
前导,62
视觉,0
高阶,1
高等院校,175
创新性,116
名,44
直观,157
运行机制,50
阶,1
当代,91
抽象类,70
化简,52
差分,83
源代码,117
子集,52
内部结构,194
已知,114
小时,128
操作方法,40
break,53
中应,129
存取,119
侧重于,6
邮件,122
阻塞,92
指,4
线索,143
利用计算机,8
打印机,109
森林,29
拥塞,96
牛顿,69
话,49
极值,52
观,124
专题,22
教师应,189
固定,32
二元,114
十一,193
裁剪,0
发言,98
运输,21
理工科,175
良好基础,50
马克思主义,39
主体,6
定量,32
本次,170
危机,7
找出,142
自动化,120
开关,65
电源,65
web,117
缓冲区,10
学习策略,189
格式化,162
外文,152
数字签名,154
自觉,106
决策,121
培养目标,189
尝试,36
客观,38
必备,171
大规模,7
预习,66
白盒,96
试验,174
遵守,12
冯,90
流水,161
存放,46
进展,41
低,87
正交,14
带来,7
圆,194
创作,74
道路,81
情感,49
施教,169
转换成,114
图片,139
量化,8
高校,89
学期,89
距离,118
浮点数,10
组建,198
高等教育,175
非线性,8
文法,67
差别,6
市场,30
各层,99
发挥,167
确保,32
我校,89
拟,45
要领,127
答疑,141
前序,117
学术,39
合成,180
领导,104
半导体,73
下降,148
定点,129
深刻,157
精度,80
代理,156
表单,70
对话,98
国内,43
集成电路,58
数据源,140
工程化,174
论述,39
p,60
英语专业,175
事件驱动,184
常数,52
同行,113
近似,157
窗体,16
数据项,10
传感器,8
困难,25
信息管理,140
感性认识,102
外语,67
软件产品,140
第一版,76
词法,67
紧密,126
虚拟现实,140
详解,110
正则表达式,70
回路,65
二分,105
正弦,83
注释,165
一位,190
次数,128
转换器,65
四个,193
反对,147
数字图像,8
概括,157
分离,126
约束条件,52
陈述,145
代表,172
高斯,69
计算机病毒,23
病毒,23
上下文,67
管道,63
匹配,40
旅行,31
程,90
分块,16
基本规律,37
管理信息系统,140
通路,14
开课,141
常用工具,173
句,165
深化,120
链式,10
指南,110
半径,194
数据传输,96
门,149
编译器,10
图书馆,89
失败,36
简史,110
顺利,62
计算技术,140
课文,84
英,5
参观,31
篇章,62
单元测试,10
加,60
图表,16
欧拉,69
力求,32
听说,25
导数,52
双向,81
来源,22
次,44
十进制,52
隐,26
文件格式,162
数学方法,52
符,1
授权,24
代价,25
努力,146
连续性,116
公理,39
交互式,140
以下内容,98
第七节,185
多路,183
学习者,189
收敛性,161
激励,94
并集,181
输出设备,65
信息检索,140
提取,27
网络通信,154
审计,159
真实,172
填充,126
数列,52
浮点,83
前提,32
生存,114
承上启下,62
基本要素,37
威胁,23
人数,144
网上,101
结合实际,11
表中,135
工作量,50
形,194
十六进制,10
持续,132
最少,128
作品,74
邻接,112
回收,155
continue,53
公司,3
较大,164
自上而下,126
耦合,83
排版,139
设,131
正规,164
银行家,147
前期,2
密码学,10
题,137
播放,98
实训,189
外部设备,65
采集,155
形势,3
s,60
命令行,70
介质,42
控制技术,174
谈话,145
起点,62
枚举,10
工程设计,151
鉴别,164
数据表,16
消费者,123
求导,52
四则运算,52
逆向,114
事业,146
归并,45
申请,45
矢量,16
密钥,117
模,194
坚定,106
边界,112
局限性,182
词组,61
一系列,7
类库,173
应对,7
某种,7
道,4
改造,55
最大值,52
存储技术,140
字典,67
成长,146
交,196
文稿,74
布尔,69
用例,173
个数,144
社会交往,195
哈希,8
应用环境,140
帧,16
纪律,12
小结,2
各种因素,132
万维网,96
衡量,172
主干课程,33
计算机领域,33
差,87
道德,39
身份,156
针对性,116
按键,65
协同,181
成就,167
平行,161
指导老师,90
抓住,25
重点难点,158
汉语,152
假设,52
返回值,70
预定,17
日志,108
校验,117
网络地址,154
协调,56
图形处理,58
根,29
自由,134
配套,171
半小时,46
容器,46
弧长,52
后台,122
域名,117
基本思路,37
上机操作,137
表面,161
简述,142
懂得,127
测试工具,173
专用,40
闭,136
推进,120
三级,99
路线,113
起到,6
多层次,120
探讨,110
古典,157
应用型,140
牢固,161
共用,40
句柄,117
多边形,194
写作能力,84
分治,88
套,166
维,69
搜索引擎,51
新版,76
兴起,62
算子,8
自行,142
软件工具,173
办法,25
框图,65
英语单词,67
面,78
效应,6
捕获,143
质量保证,32
接触,36
通讯,96
存储设备,173
形状,194
色彩,0
审批,57
电阻,65
演化,114
着色,0
走,113
文件共享,23
热情,106
站点,81
下一代,43
一览表,144
握手,145
专家,116
试,36
理论体系,39
经历,49
界,101
多元,196
三类,164
强制,12
测试阶段,51
二次,164
存储单元,10
原理图,65
平时成绩,167
无穷,114
中华民族,91
传感,8
指令集,8
粒度,42
生物,95
传播,110
外语教学,189
通解,52
附加,155
分割,126
总成绩,167
创造性,197
效益,3
之外,128
量词,61
频域,83
胜任,156
选定,134
出勤,72
先行,56
兼顾,32
堆,29
修饰,0
参考文献,108
空闲,141
缺点,82
加减,38
收敛,148
课内,189
压力,132
总体设计,151
梯度,8
保留,32
近代,91
二极管,65
贝叶斯,8
运作,132
方程组,52
求值,52
数码,8
寻找,36
语法结构,67
放大,6
配置文件,173
创造,172
传输层,154
考勤,109
图标,139
融入,126
闭包,10
职业道德,106
人物,49
美国,43
译成,152
程序语言,10
进阶,114
滤波器,83
论证,116
图及,16
相关性,182
除法,52
严密,99
一条,113
教学计划,189
宗旨,37
立体,0
插值,83
三要素,37
监控,93
描绘,157
指示,12
某一,82
表现形式,157
安全策略,154
次序,180
联机,162
微积分,52
工程师,51
层面,39
功能设计,151
系统管理,140
片,29
列出,142
表述,165
参照,40
彩色,194
可行性研究,174
文件类型,162
语篇,67
封锁,56
神经网络,8
生存期,92
滤波,83
定性,41
简短,98
发展前景,3
编辑器,173
开放,51
过滤器,16
机会,25
分工,50
画法,0
日常,87
涵盖,140
实战,189
讲课,141
已学,158
稀疏,161
三次,128
人机界面,79
数目,144
报告书,159
逻辑关系,48
管理机制,50
电路设计,65
事物,157
调动,19
举例说明,52
转发,22
产业,140
带有,2
成熟,148
隔离,112
目,105
前端,126
中外,91
交通,81
整型,70
系统集成,140
网格,194
管理工具,173
单链,10
基数,144
自动控制,65
民族,91
好处,32
制造,7
整机,58
元组,70
单独,142
高度,115
先进先出,10
电脑,109
锐化,16
信息产业,140
工程项目,13
为本,127
出错,130
两段,35
广域网,96
全球,43
研发,174
余弦,52
心理学,195
即可,129
调节,32
方阵,183
义,5
十二,193
分量,87
级数,1
辅导,141
人生,146
小组讨论,141
化为,1
模糊,157
接近,148
标识,139
模式识别,8
导航,171
保障,32
律,5
高性能,171
革命,104
适配器,65
友好,78
方差,52
未,68
超过,128
信息时代,120
t,60
口,63
控制系统,79
泰勒,69
因子,148
嵌入,126
物体,157
代表性,182
中央,194
单向,120
均值,144
数理逻辑,39
处,4
感受,146
新闻,101
工具栏,16
连通,126
装载,100
平面图,151
端,140
抄袭,197
直方图,16
相,148
冒险,36
硬,87
物理学,39
起着,27
编写出,84
动力,107
变,45
点对点,120
蓝牙,96
路,113
外存,10
单个,8
学好,66
本科专业,175
组装,100
动向,93
不确定性,184
减法,36
入口,99
中文,152
触发,155
一元,76
等值,196
最小值,52
反函数,52
姓名,122
新兴,3
诞生,62
linux,173
衔接,120
任课教师,189
事实,172
第四,193
生动,157
入手,25
能用,87
密度,42
解析几何,52
写法,84
技术性,48
取,46
前缀,61
做出,36
占有,118
带宽,96
加速,148
控制台,117
自下而上,161
说明文,84
操作数,70
有源,83
读者,84
黑板,141
日后,62
形态,114
危害,92
此类,164
工作作风,11
停止,148
利用率,182
可用,27
行列式,52
故事,49
弱,2
单调,0
培训,50
单一,6
二级,99
信息管理系统,140
传输技术,96
功率,65
移植,126
中西文化,77
积极性,94
主观,39
商业,178
d,60
三角形,194
唯一,128
服务器端,117
事务处理,119
十三,193
城市,31
格,5
每组,128
最长,128
缓存,117
适中,161
期望,106
监听,117
道德修养,71
动态分配,96
开拓,3
软件技术,140
多方面,7
完,87
很大,2
阵列,100
文件夹,162
四大,193
未能,68
教授,98
构词法,67
配,87
法线,16
每种,134
文化背景,77
噪声,83
编码器,65
五大,193
邮箱,122
操纵,155
配置管理,140
笔记,158
岗位,156
海量,8
伴随,62
笛卡尔,39
重叠,126
创业,175
强大,2
工厂,63
开阔,115
多层,99
发表,74
第五版,76
切线,0
正态分布,52
游标,16
数据共享,140
解除,24
跳转,16
书籍,74
涉及面,182
滑动,161
地点,17
对角,194
防治,92
生产者,123
管理软件,173
理解能力,48
符号化,157
读懂,165
中国共产党,104
硬盘,58
公钥,117
选做,137
标号,42
听写,66
全局,88
素材,84
第一册,76
予以,142
对外,24
学到,84
课程体系,189
称,56
间断,132
呈现,148
以此,27
考察,72
信号处理,83
揭示,178
信心,121
新建,151
测试计划,51
改善,6
研究生,175
箱,100
收发,119
退出,24
常规,36
变革,178
分部,131
专家系统,8
调制,46
l,60
自选,134
渠道,181
数据备份,117
几类,164
支付,196
方法学,178
找,25
负载,65
低级,1
矛盾,6
电气,33
国际化,120
预备,47
秩,26
作风,78
决策树,8
延伸,126
这是,62
超链接,16
国防工业,77
电流,65
网卡,96
电力,21
加载,117
默认,24
桌面,109
相连,126
叠加,6
名词,61
高年级,141
全校,89
可用性,182
国际交流,43
随机数,52
曲率,161
分散,6
研讨,95
之中,118
交互技术,140
推广,50
导出,173
毕业生,175
范例,178
施密特,69
电话,122
形式语言,157
独立思考,121
原文,152
五种,193
全国,43
地图,115
处于,118
垂直,161
透明,161
各有,35
折半,136
实事求是,192
对比度,83
作者,74
竞赛,170
文献资料,108
二分法,39
立场,106
偏,113
汽车,107
分辨率,8
确定性,184
现状及,142
有何,68
分级,41
政府,77
国情,43
f,60
会议,98
上网,122
三层,99
基类,70
摘要,28
设定,155
身份验证,117
一项,95
网络服务,140
写作方法,84
谢,90
printf,70
漏洞,23
电影,49
放在,46
宏观,184
缺少,82
费用,196
增进,181
生成器,173
哈斯,69
提前,25
空,105
选型,151
国家级,43
依次,142
光照,29
接,113
导入,126
自然语言,8
着力,120
深造,175
点阵,83
一台,107
道德规范,39
集线器,96
优,5
语言表达,48
本书,74
第七,185
三极管,65
主动性,121
原,45
加密技术,8
样本,144
模拟信号,83
均匀分布,161
两大类,111
加工,18
是非,41
三角函数,52
初始条件,52
面授,141
障碍,92
希尔,69
少,128
实物,108
在线,140
子群,146
敏锐,121
字体,139
上传,19
系统配置,79
近现代史,77
既有,47
方针,88
振荡器,83
考核内容,72
收获,167
自觉性,94
比赛,150
素质教育,189
陈,90
贪心,146
特效,155
略低于,6
文体,84
用语,165
继承性,116
汇总,144
功能测试,117
院级,163
同构,178
无穷小,52
双绞线,96
科学性,116
r,60
聚类,8
比较简单,2
乘除,52
抖动,161
批量,40
优劣,182
头,113
句法,165
同济大学,163
后作,27
散,105
映像,49
表达方式,84
部门,50
分成,47
模拟器,162
计,105
三大,193
概率分布,52
字母,152
链路,96
品质,123
坐标系,52
开源,51
程序员,51
临界,9
定制,151
测试报告,159
级联,83
构架,124
建,55
半导体器件,65
知识结构,158
视听,186
后序,108
医疗,140
开发软件,51
右,168
拓宽,115
视角,138
智慧,127
民主,147
敏捷,121
检查点,81
波,90
爱国主义,20
课是,141
各个领域,91
信念,94
理,105
观看,110
台,107
形参,70
一点,87
操练,66
释放,6
极坐标,52
相关系数,52
文本文件,117
通顺,67
反射,161
文化差异,77
班级,89
制订,12
进,113
师生,89
室,99
分享,110
幂,78
选项,16
经营,50
稳态,178
三重,99
数据文件,173
人才培养,181
变更,45
意见,106
明白,106
期间,132
责任感,94
早期,62
每人,35
各个环节,120
全球化,43
改,45
解码,8
拐点,184
static,70
互联,120
登陆,28
求函数,52
频度,116
连贯,48
实践经验,102
手机,122
办公自动化,120
因材施教,189
达意,165
制导,100
银行,196
有利于,32
任务书,151
复数,61
等待,25
退化,114
网关,96
叙述,49
降低,6
电压,65
高素质,94
书,74
本级,50
下标,16
商务,31
图灵,69
发生器,65
被动,6
是从,62
计算机程序,8
树上,29
数据包,117
等效,83
原书,74
持久,87
开,107
中心思想,84
图书,74
一部分,6
回归,148
空域,21
无穷大,52
上限,155
实参,70
物理地址,154
作出,41
地方,87
仲裁,24
负责,50
第四版,76
表等,135
容错,8
管理工作,50
六个,193
知识性,116
防御,103
存储容量,8
开放式,171
处理软件,173
反常,93
商品,123
达,128
课程标准,189
置,105
调研,144
宽带接入,96
克服,103
贡献,167
走向,113
职能,50
知识产权,197
多功能,171
热门,101
转折,62
造型,0
母版,16
机器语言,10
穷,87
十字,194
h,60
公,26
各层次,181
须,129
变形,0
信,5
真值,52
新增,45
倍数,9
影片,49
本学科,189
对换,180
小规模,62
超,128
相邻,112
铺垫,62
一章,76
负责人,50
第五,193
并重,181
一套,99
xml,117
蕴涵,114
反复,132
边沿,194
历史背景,77
局面,118
篇幅,49
波特率,154
二是,32
校正,100
写入,176
成分,95
数据中心,140
背包,46
球面,194
相互间,112
洞察,121
顶点,148
前束,80
特征向量,52
教室,89
吸收,6
else,53
试题,137
程序执行,79
技术开发,140
编码方式,154
海洋大学,163
复述,165
实行,12
排除,41
维数,52
结课,66
简练,0
人工,8
论坛,98
结,29
必不可少,82
人力资源,50
演绎,49
电平,83
客户机,117
属,131
矩形,194
记忆,49
成组,47
开启,62
周期函数,52
基础性,116
程序代码,117
限界,155
可逆,103
前驱,107
格林,150
英语教学,189
计算机系,175
艰巨性,11
第八,185
英语口语,67
脚本语言,117
增量,184
常识,102
局部性,92
上课,141
知识库,140
出口,43
制作方法,46
字符集,173
拟合,52
记叙文,84
充分条件,172
客体,39
最低,128
著名,193
指数,73
投资,196
类比,157
生词,67
制约,6
和表,16
归纳法,39
职责,50
设想,192
医学,92
换,25
第一次,128
新颖,197
盒,46
遗传算法,8
作图,16
一年级,89
引擎,8
复合式,171
中值,184
文件目录,162
可变,8
交叉学科,33
说话,145
缺席,73
二者,6
交错,126
抽样,144
人为,45
核,174
良,105
装置,65
相联,126
特殊性,182
纠正,41
电子政务,140
因果,125
手动,79
趣味性,177
重写,67
校园,89
概念设计,151
还应,129
哲学,39
抽象性,157
解放,104
多任务,173
故障诊断,65
词语,165
内外,193
教学效果,189
纲要,88
out,53
科学态度,102
真,87
特征值,52
导,5
解题,158
展开式,52
着眼,88
断言,172
规范性,116
第八节,185
仪器,109
完备,120
弘扬,71
权值,8
职业生涯,150
纹理,0
直流,65
电子表格,16
借助于,19
轮转,150
流媒体,140
广东,153
语,165
面板,16
对偶,165
最新进展,101
分类法,178
碰撞,114
专题讲座,98
注,144
增,45
主键,16
一是,188
簇,29
主从,119
深,87
反转,148
基本素质,121
宽度,194
网络设备,96
步伐,113
catch,53
刷新,128
业务流程,140
泛型,10
高超,121
try,53
原函数,52
策划,90
进化,114
线性规划,52
子网掩码,154
确切,41
示波器,83
内在,157
获取信息,120
党,104
卸载,162
大纲,158
规律性,116
指导思想,37
篇,74
实用技术,102
线性相关,52
数码管,65
词汇量,67
走样,82
首部,74
终止,45
双语,152
捕捉,8
三门,149
平均值,144
树形,29
参赛,170
共同理想,94
像素,8
观测,114
通知,56
分布式系统,10
极小,194
计算公式,52
何种,7
技术标准,140
设计所,151
拒绝,25
初步设计,151
推动,120
发散,148
指出,159
抽取,46
筛选,142
凹凸,0
军事,77
集群,120
取值,52
非法,143
文献检索,108
工作者,190
拼写,67
奋斗,146
查表,135
感觉,25
特,5
名字,152
物流,140
看待,133
随机变量,52
例题,158
消,105
聚合,114
可行,192
有个,25
购物,31
两点,82
认清,41
表头,16
激活,155
零元,196
this,53
综合型,171
发展观,39
城域网,96
价格,123
焦点,101
商,140
朗读,165
融会贯通,158
首要,82
访谈,98
中起,6
注入,126
有穷,26
量子,8
include,59
预防性,92
比较清楚,41
音乐,186
问候,145
诸多,7
功,127
打分,167
导致,132
团,198
多种形式,181
第二次,62
成熟度,121
柱面,194
找到,25
充分认识,11
个性,78
网络攻击,23
编选,74
多道,142
问答,22
青年,198
基础设施,140
java,10
必然性,39
节拍,186
算,87
线缆,58
三个代表,11
共享资源,181
各门,149
网络结构,96
和物,140
主要参数,65
以本,164
称为,111
性能参数,151
字段,16
虚拟化,140
代换,83
互联网络,96
权威,116
人文,77
辅以,27
想,25
计算能力,8
声音文件,162
深层次,7
频谱,83
无线通信,96
能动性,39
多机,96
胜利,167
磁带,186
读入,173
类中,70
智力,121
远大理想,94
建设者,94
跨越,124
k,60
时刻,62
比值,9
唤醒,6
五层,99
大数,9
子类,70
无条件,106
担负,50
大部分,128
中国化,43
录制,22
main,53
基本方针,88
截面,80
下述,164
分清,41
简易,171
战争,77
传输方式,96
情景,49
签名,139
即该,129
不同点,37
安全漏洞,23
镜像,16
三者,193
例,144
解密,110
操作符,70
心理,195
名次,167
合计,144
光栅,83
监测,93
推论,41
改写,62
熟知,115
团队精神,94
等式,52
初级,155
关键帧,16
新闻报道,101
听说读写,67
中有,128
翻转,161
双百,167
通信协议,154
带符号,139
原子,98
电路板,58
家庭,146
业界,101
速率,42
操作能力,121
匿名,122
销售,123
命中率,150
转向,148
键,65
登记,45
两大,193
公开,78
干扰,103
finally,53
测,86
继,193
消息传递,119
最小化,16
概览,144
循序渐进,36
第三次,62
网络平台,22
伦理,39
后能,25
服务端,117
李,90
所得,27
修正,6
加权,8
限定,12
兼有,111
加减法,158
word,53
认真完成,141
迟到,89
后备,47
大门,99
服务质量,140
演讲,98
剖析,142
系统工程,174
逐一,142
语境,178
简洁,0
含有,18
初识,49
选购,123
创新型,140
幻灯片,16
复兴,62
光学,8
工具软件,173
教学活动,189
年代,49
中间件,140
学位,175
描写,165
不用,87
分数,167
依托,160
二部,193
延迟,56
安全措施,93
吞吐量,21
直至,148
信息科学,33
动态性,116
正定,125
平方,99
前途,3
每章,158
环形,194
相辅相成,6
辩证唯物主义,39
模版,67
北京邮电大学,163
实际意义,182
夯实,140
磁,42
文件传输,117
角化,34
中能,25
渗透到,126
命运,49
删,162
改革开放,104
盲目,192
机房,96
资本,133
windows,51
证书,175
内聚,1
求实,169
两级,99
作好,56
可重,55
长期性,132
清除,180
美观,0
准确率,8
培育,114
闭卷,137
第六,185
基准,40
解释器,117
e,60
教,141
复原,103
config,70
无限,146
侧重,6
动员,56
答案,158
数字音频,83
滚动,161
展现,0
手册,12
欺骗,145
指引,113
报道,144
难易,72
消隐,126
集体,198
探测,93
正文,185
向导,183
猜测,172
增长,184
物质,95
件,44
存贮,27
开发人员,51
硬件平台,140
口令,100
刘,90
父类,70
敏感性,121
最为,128
人机,96
环境保护,50
画,0
考查,137
初值,184
上能,87
调理,34
采购,123
架设,100
关键词,101
听觉,186
黑客,23
语法错误,67
现,193
多门,149
相位,8
政党,147
信任,106
电话号码,122
守则,12
透视,0
聚类分析,8
数学系,175
只能,25
网络资源,154
范畴,41
语调,165
基础教程,173
运放,83
教学法,189
操作过程,79
评分,167
毛泽东,104
数据交换,96
零点,17
开辟,19
惟一,128
题型,137
理由,172
编程序,10
电视,115
可能性,25
一篇,84
二个,99
射频,83
增删,165
图层,16
常用软件,162
合力,35
引力,103
基地,43
辨别,164
拥有,25
深刻领会,11
潜在,132
结构特征,182
电路图,65
轻量级,51
社会科学,39
渐进,148
希望,25
等于,87
磁盘空间,162
谱,108
正整数,52
梯形,194
问卷调查,144
相加,52
信息工程,33
新世纪,62
给予,106
阈值,8
英译汉,67
关系式,52
评判,133
数据安全,140
精确,8
动态分析,140
电子信息,33
思路清晰,48
经验教训,88
同义词,61
品德,71
多通道,83
爆破,100
审查,12
林,90
节目,22
角落,82
格局,148
各章,158
稿,74
可执行文件,162
有线,96
在校,89
较长,164
有效数字,52
询问,142
对策,88
平滑,161
广告,22
率,144
亮度,42
查,93
斯托克斯,150
通俗易懂,102
理想信念,11
兼容性,173
线性关系,52
分词,61
微软,51
滤镜,64
每条,142
受益,123
公式化,48
外围,99
第一类,164
放大器,83
下界,1
复合型,171
技术支持,140
推测,41
汉译英,67
改为,45
周长,194
部,74
技术人员,79
圆弧,194
转化成,114
弄清楚,41
逗号,61
框架结构,99
管理策略,50
减,144
宽带,96
select,70
信息论,39
予以考虑,41
单级,65
难题,101
得体,78
vi,60
人士,132
美化,6
场所,164
图形界面,117
编排,165
动力学,52
孩子,89
渐近线,52
修辞,165
受,132
刚体,52
相似性,178
概念性,157
用定,83
对称性,157
比特,8
督促,50
中学,89
生命,146
因果关系,39
深入浅出,102
限于,19
神经元,8
稳压电源,65
财务,119
小康社会,11
两周,73
权利,106
知晓,82
socket,70
纠错,130
群众,54
后要,129
response,59
低功耗,96
application,70
发出,159
高质量,32
热点问题,101
协同工作,181
request,70
位数,122
主程序,162
敛,1
super,60
珍惜,146
无序,148
争论,101
排名,167
好坏,82
明暗,0
赋,26
域名解析,117
抗,103
网状,194
一堂课,141
商用,140
失真,83
跨,193
推出,7
单位向量,52
储备,32
科学素养,102
用词,165
曲折,124
矩,127
学习态度,169
求得,127
重构,178
礼貌,106
理论依据,116
探寻,36
监理,57
谈谈,110
适应能力,2
查询方法,122
根源,127
资本主义,77
逐步形成,120
更要,25
复杂程度,182
西方,43
抑制,148
原始,114
一遍,142
清单,142
一体化,120
机器人,8
三点,32
光纤,96
高维,8
蠕虫,23
合同,24
寻求,36
撰写论文,108
落后,150
院校,175
大类,33
满足用户,140
历史进程,77
指数函数,52
沿革,77
系统性,116
立方体,194
串联,126
党和国家,11
外国,43
网络图,7
例程,173
分形,114
锤炼,114
力争,181
册,74
逼,87
分析模型,8
供,27
到达,17
棋盘,194
磁场,103
实际上,82
信息库,140
水,113
五级,99
全面提高,32
中所,164
解读,110
科学实验,95
十八,193
度数,109
三元,1
叉,136
物品,155
淘汰,167
最大公约数,181
校验码,122
读取数据,117
流水作业,120
均衡化,120
落实,12
弄清,41
建树,127
状语,61
可信,192
u,60
飞速发展,120
拉斯维加斯,69
细致,142
占用,19
日本,43
依法,143
从句,61
国防,77
可读性,48
固有,178
政权,77
网络工具,23
邮资,74
约定,24
美丽,146
第一门,149
干涉,106
罗尔,69
分频器,83
学完,66
能量,103
不同于,178
flash,53
优先权,24
几何级数,114
场效应管,65
预,13
环境变量,70
夹,46
周期性,184
多位,44
事情,49
调优,8
电子版,76
基石,62
学术论文,108
哪几种,164
七种,193
消费,123
独特,2
族,1
充要条件,52
标的,30
内积,132
cache,70
武器,100
柯西,69
缓解,34
乘数,52
消化,18
通讯录,122
成才,169
泛化,178
先来,110
read,53
表上,135
字长,26
投身于,94
方波,83
题解,137
统一性,116
映象,115
涵义,157
记号,194
求其,26
基带,58
副词,61
标题,139
负反馈,83
能求,52
事务管理,119
抛出,19
讲清,11
激光,174
相互之间,181
外交,77
一行,168
参,105
均衡,148
密切联系,181
星形,194
二重,1
维修,50
课本,66
使用者,155
第二类,164
先后顺序,142
隧道,81
质,4
灰度,8
浮点运算,8
线路,81
之上,15
诊断,34
充实,146
机遇,3
连读,67
精髓,37
意识形态,77
加快,120
梦,49
古代,91
地球,114
霍尔,69
博弈,148
排队,17
否定,82
必由之路,120
终结,172
项为,197
法治,77
上交,176
小数,52
追踪,93
行列,193
阻抗,83
隐蔽,99
班上,89
清理,55
图纸,151
邻域,52
版权,74
法将,1
北京航空航天大学,163
售货员,109
理论指导,116
朋友,25
孙,90
隐私,106
图形化,157
互补,181
统,105
预先,27
系统故障,130
高层次,95
会解,52
未知,36
平凡,146
粒子,42
模拟量,65
相对性,39
少量,47
测定,95
录音,186
复位,103
蕴含,114
指导意义,116
最久,128
共性,48
限度,32
条理清晰,48
易于,164
军队,104
集体主义,94
包中,46
缩短,120
内联,181
情形,12
试运行,174
数模,83
拷贝,173
斗争,104
挂,29
i,53
崇高,94
科,90
收,113
印刷,74
可降,129
一张,35
时态,61
载体,120
安全意识,94
违约,196
触摸屏,171
大学本科,175
自信,78
晶体管,65
求职,175
三阶,1
十四,105
中为,27
共有,144
音视频,140
存,196
超时,117
候选,193
规程,12
公正,106
轨道,80
习近平,11
垄断,43
新生,62
数据恢复,173
基本路线,11
受控,79
稳压,83
传达,19
旗帜,198
超越,167
电工,33
主板,58
列为,193
分配器,65
网络化,120
信件,122
取样,174
画图,157
无误,142
加密算法,154
校准,79
主线,49
考核成绩,167
计时器,109
假,87
技,1
介绍所,3
弧,194
日程表,66
离不开,82
交互方式,140
纸质,139
动画设计,33
操作界面,16
重大事件,77
固体,42
sth,53
软硬,171
解题技巧,158
人工神经网络,8
真谛,127
成立,198
液晶显示,58
脱离,41
挫折,146
先进性,116
张,44
组和,198
周边,164
较广,182
加大,6
第十三,185
填空,137
主义,39
演进,114
吃苦耐劳,169
美学,178
倒,87
session,70
一步,113
约瑟夫,69
相符合,192
需向,129
时域,83
私有,140
正确看待,38
科普,110
学科知识,189
组合而成,194
叶,90
最坏,62
计算器,109
值域,52
集中式,140
磁盘阵列,58
接法,65
普及,110
排,44
反思,145
报数,109
脉络,114
归结,82
日程,101
仔细阅读,129
深入分析,142
觉醒,62
ln,60
数字证书,154
成因,41
校园生活,89
为准,45
通信网,96
初学者,67
蜂窝,126
分解成,180
每周,73
生产力,77
存储芯片,58
一棵,29
修养,106
不等式,52
两层,99
两位,44
规划设计,151
填空题,137
制品,18
处理结果,145
in,75
滚动条,16
法对,182
未定,56
机上,56
初级阶段,118
存入,196
旅游,31
地域,77
相比,148
最值,52
专业英语,67
屏蔽,82
各个方面,7
国际标准,43
或非,164
交易,24
图示,16
型号,40
构思,84
兼容,40
顺利完成,32
教材内容,158
年版,76
监视,93
无理,145
组中,170
that,53
方可,129
新民主主义革命,104
net,59
连接器,58
取决于,134
变得,148
交互性,177
书信,165
词义,61
铁道,107
将会,62
多项,7
择业,175
人际交往,195
精选,22
源点,114
轮廓,0
渲染,124
光线,0
见面,145
检测器,65
德,5
密切相关,132
离开,113
端的,126
图中,44
入学,89
任一,129
shell,70
循环赛,170
形态学,39
数据格式,173
各行各业,77
不同之处,182
哲学家,39
工具箱,173
无损,161
紧跟,113
路由表,96
until,75
光电效应,42
表达方法,84
经济学,184
板,9
逆序,180
宪法,12
基本模式,178
灭亡,62
相同点,37
应用服务,140
完全性,92
灵活性,182
缓冲器,80
选择题,137
机箱,58
一周,73
意图,41
与物,140
适应性,182
党的领导,104
风险管理,184
测试数据,8
时应,129
科研项目,95
主旨,37
马列主义,104
层叠,99
液体,46
并联,65
祖国,43
外来,103
普朗克,69
控制线,65
release,59
有没有,25
修补,103
组态,79
纵向,161
缺勤,141
内在联系,39
素数,52
校园网,96
具体操作,192
工程建设,50
知,105
付出,106
端正,78
行程,31
易,132
不带,32
实现目标,192
整流,83
市场经济,77
洋务运动,104
结题,189
聊天,141
可导,52
包装,139
失误,150
核心思想,37
监视器,16
慢速,100
月份,73
加速度,103
抵御,103
温度,42
辛亥革命,104
自我管理,50
位图,16
充分体现,11
片内,89
尾,0
一份,159
大赛,170
桥梁,81
喜好,134
立项,151
框,139
预见,121
正确处理,38
交流信息,181
边界条件,52
消解,6
解调,83
相乘,52
法律法规,12
兼,156
四线,120
三线,118
开天辟地,1
写作技巧,84
上锁,143
增多,148
总数,144
学士学位,175
产物,114
保健,92
高尚,106
群体,198
评阅,137
面向世界,43
地为,32
不好,25
忠诚,106
后期,6
践行,11
大于,82
日记,49
奇偶,9
种子,29
丢失,82
多表,135
表达思想,157
衰落,62
钟,90
中流砥柱,179
年度,101
游览,31
重组,45
写明,129
人际关系,195
形象,49
卡诺,69
横向,0
物质性,157
rm,60
语言特点,84
强度,42
翻译成,152
必需,27
农业,31
片上,161
外观,0
领悟,127
时空,114
本课,189
测试软件,173
民主党派,104
接到,56
由浅入深,158
勤于思考,169
唯物辩证法,39
平面设计,33
获得者,170
英语词汇,67
五等,26
圆形,194
钻研,127
重任,20
g,60
用非,19
累加,176
wait,53
小键盘,109
导引,127
规约,178
办公,171
严肃认真,94
moreover,75
晶体,1
四级,99
足够,87
改名,45
课中,141
时延,96
思想道德,71
一层,99
模仿,36
步,113
实用价值,182
奖励,167
瓶颈,174
获奖,170
预算,151
写成,165
赫,90
树状,16
设立,12
教研室,89
人格,195
性格特征,195
相容,126
具体情况,144
虚拟机,117
国内形势,77
变化率,9
工艺,151
往返,17
功能强大,171
cosx,52
共产主义,104
文本框,16
生长,29
中数,193
即时,155
前言,74
数学计算,52
标量,52
代数和,52
位移,80
推,113
时所,27
学生会,89
以行,127
运营,50
练习题,158
切片,46
开发阶段,174
心理咨询,195
国际形势,77
显式,70
面上,161
正负,52
历史观,39
一类,164
维和,43
清零,176
标准差,52
秒表,109
类似,164
回应,145
定期,132
之内,128
事先,46
创意,177
write,53
食品,18
近期,73
本周,73
研制,174
一颗,29
近距离,115
陷阱,82
入队,170
相位差,83
领导核心,104
勤于,169
超标,34
顶层,99
电信网,96
装机,58
放入,46
截图,130
精读,66
黄金,73
报纸,74
下册,76
太平天国,104
近邻,43
民主革命,104
步法,1
夹角,80
高层,99
转,113
联想,157
资源共享,181
爱,146
阶级,77
难以,68
画面,157
生涯规划,189
多角度,138
科学家,95
王珊,168
国民经济,184
char,70
性别,122
主导,6
预备役,131
选作,74
动量,52
谈论,101
学说,39
预计,73
备忘录,24
邓小平,104
置信区间,52
乘积,52
virtual,59
禁止,12
自救,56
低于,118
委托,24
治学,169
协商,24
电子化,120
培养能力,189
面对,25
增益,83
社交,31
必然趋势,120
源码,117
传承,71
数学原理,52
履行,24
正面战场,104
婚姻家庭,146
营销,177
叶子,29
举起,46
桶,63
错误率,8
实验设计,116
网络时代,120
数字信号,83
包围,112
侵略,104
最快,128
第三方,24
穷举,8
虚拟内存,162
扫描仪,173
企业级,140
黑客技术,23
手持,155
渗透,126
反侵略,104
人生价值,94
特斯,69
附有,27
科学依据,95
阴影,6
etc,70
出路,127
真实感,48
v,60
不太,87
计算机控制,79
读数,109
设计说明,13
员工,51
细分,114
上册,76
as,75
建造,151
其他软件,162
创造性地,178
范围广,182
喜欢,25
市场营销,33
验,172
副作用,34
应用服务器,117
事假,156
倒置,194
管理学,33
杂质,42
生态,140
军官,100
多媒体系统,171
名胜古迹,31
测量方法,52
时分,62
无线电,83
多用户,96
be,53
信源,24
依曼,1
扫描器,23
分布式计算,8
通用性,182
体裁,84
紧密联系,11
常见故障,65
const,70
俄语,152
操作步骤,16
灾难,62
能以,27
及图,197
栏,16
第十一,185
课后练习,66
破坏,6
科研成果,95
网管,96
修,55
出列,88
触摸,82
守护,146
用户名,122
授予,156
心,146
粗略,144
异构,140
尊重,106
剪辑,48
单循环,170
数据量,8
放置,46
区中,128
原始数据,8
形容词,61
参见,108
历史唯物主义,39
next,53
三项,193
学报,163
测试题,137
导热,42
起泡,34
正式,62
穿插,0
显得,0
多于,128
面向未来,178
义务,24
分类器,8
身边,25
实地,142
open,75
采访,98
伟大意义,11
手中,25
切实,11
中以,27
电子电路,65
逼近,148
网桥,96
综合测试,66
记笔记,66
后缀,152
延续,148
研究所,95
输入法,109
跳跃,0
公有,119
控制措施,93
选出,170
调制解调器,96
困境,118
自我教育,39
位于,131
依法治国,11
清空,55
每学期,89
真理,39
杭州,43
调,6
最早,128
控制策略,79
研究课题,108
快捷,120
省级,50
作业题,137
数在,144
农村,89
二项,12
操,136
振动,9
string,70
辩证关系,39
合理安排,32
exit,70
动脑,48
管理程序,79
教科书,91
各学科,189
交谈,98
exception,70
毕业论文,66
从严治党,11
地理信息系统,33
善于,127
人材,88
微观,184
相互作用,114
火旺,86
数字信息,120
体育,31
三维动画,64
条理清楚,48
精讲,158
防,2
缩放,16
不定式,61
冒泡,87
启示,178
流通,148
柯,90
半部,99
补足,32
原版,152
技术水平,3
娱乐,31
更是,128
中介,196
宣讲,11
监听器,70
对大,193
静电场,52
补图,139
取整,52
化学,33
宽,194
搭配,0
道德观,39
客观性,116
访问者,23
示意图,151
开创,62
有解,52
依赖于,178
池,90
priority,59
波动,9
专利,197
现阶段,3
商品经济,77
国防建设,77
发动,56
留言,22
精通,127
装箱,100
第九,193
自动识别,8
统治,77
关键问题,41
相交,14
椭圆,194
格雷,69
发音,67
发光,194
特别强调,4
全新,171
随堂,141
帝国主义,104
兼具,171
精心设计,151
人力,103
公民,12
略低,6
工作站,58
正弦波,83
记,90
技术参数,79
装配,80
安全隐患,164
电容,65
花费,87
survive,53
艰苦,132
条目,108
数项,7
内战,104
not,53
波兰,43
更替,55
具体步骤,142
促使,148
抗日战争,104
专业技能,121
基础架构,140
邀请,98
工具书,74
供选择,134
发射,100
质量指标,123
器材,171
全貌,138
趋,148
分子,41
开路,183
邀请函,170
教育部,89
双机,100
校外,89
革命性,178
中小型,140
页面设置,16
插件,173
流利,152
团体,198
卫生,50
主干,29
二年级,141
简明,157
检查表,135
莱布尼茨,39
后果,41
properties,59
周四,73
单管,100
灯光,186
示范,36
聚集,198
四次,128
吴,90
软件包,173
思考问题,48
翻译器,152
动物,95
体育运动,31
阵,44
掩码,154
单机,162
实数,52
化成,1
前台,122
木马,23
爱护,106
读出,165
条例,12
间隔,9
评测,110
双链,126
金钱,146
贯彻,11
均匀,161
打电话,122
逻辑性,48
主格,61
赞美,165
国民党,104
鸦片战争,77
余数,52
两者之间,6
隐含,165
证据,172
汉译,152
搜集,108
术,127
所处,118
原著,49
吉,5
新文化运动,104
困惑,195
全解,76
环境监测,140
功效,34
衍射,83
中国人民解放军,104
场,44
战术,88
定量分析,8
标点符号,67
识别方法,164
论文答辩,175
书上,108
大大提高,32
拖动,16
研究进展,108
发行,74
经济社会,77
收益,196
定义域,52
创意设计,151
汉密尔顿,150
根本原因,132
载波,83
递进,126
首,44
new,53
区及,171
parent,70
车间,79
突出重点,11
引领,178
唯物论,39
拆箱,46
君主专制,77
以往,6
百度,51
取代,6
单击,16
过多,132
再用,46
十大,193
期刊,74
背后,82
近代史,77
推断,41
大写字母,139
图元,16
互换,35
法学,175
学者,108
准确性,116
守恒定律,52
偏移,16
生产方式,178
并列,193
夫曼,69
练,141
奇偶性,52
短信,122
假定,8
电子学,33
显著性,197
历史性,62
秩序,12
反向,8
巡视,93
元器件,65
杯,170
第三篇,185
电位,65
真假,41
括号,61
final,53
分枝,29
下层,99
index,59
辩论,98
模拟实验,95
兵员,88
大学物理,33
序列化,10
走进,115
病假,156
比特率,83
黑客攻击,23
资金,196
史,105
选择性,82
动机,41
打开方式,110
中级,1
气体,42
每课,141
短路,65
品格,71
大容量,171
法制,77
关系密切,131
资产阶级,104
香农,69
泛,105
二层,99
画布,157
讲话,98
评选,170
十二五,120
接班人,156
网络综合,22
模拟训练,72
评分标准,137
问答题,137
贴近,6
感兴趣,25
延时,155
拍,113
修辞手法,84
二路,183
卷,74
负,167
最多,128
协助,56
评论,101
大小写,67
五四运动,104
演化过程,114
号码,122
明,105
特有,2
电视节目,22
恋爱,146
低阶,1
步进,14
融,193
每节课,141
总结报告,159
利益,106
出队,56
组长,156
词性,61
站,107
所选,134
西方人,43
投身,94
补,158
易用,140
缩小,6
优良,32
思想品德,137
价值体系,178
准,105
奖项,170
固态,42
频带,83
问卷,159
控制电路,65
几何图形,157
民族意识,77
五类,164
汉英,152
第一篇,74
两台,149
比较复杂,188
复杂化,157
极点,87
一半,128
电网,96
等距,194
迷宫,194
简明扼要,165
分组讨论,141
频率响应,83
重定向,117
无线网,96
自行设计,151
所有人,106
第一周,73
账号,122
sb,75
资源分配,8
剩余,142
效率高,182
应用文,84
利弊,88
境界,1
第二篇,185
平移,16
第十二,185
共享内存,117
辩证法,39
剪枝,29
弱化,6
新民主主义,104
应有,106
货币,77
周一,73
软盘,162
符合规范,32
多样性,177
膨胀,148
情节,49
颗粒,161
互通,181
求取,127
监督,50
短距离,155
空集,52
文件属性,162
标准型,171
迁移,114
取得胜利,167
表达出来,157
正向,178
用处,19
应先,129
库塔,69
抗战,104
选区,147
现实生活,157
点击,22
报表,135
j,60
电机,65
尚未,68
备选,151
自变量,52
导电,42
高等,155
求和,88
直,105
霍夫曼,69
重命名,162
最优化,8
农民,104
数据链,120
欧氏,26
记分,81
打包,24
一对,35
本质区别,41
大国,43
软件平台,140
卡,5
混淆,82
线段,52
灵魂,146
起步,113
径,194
风暴,114
make,53
厚实,161
competition,53
y,60
损失,196
睡眠,34
版面设计,139
玻尔,39
大四,175
敌后,104
建库,174
恋爱观,195
收回,19
预览,16
结束语,98
明辨是非,121
项目组,151
咨询,110
金属,42
恰到好处,0
音,186
数控,33
排错,10
文学,74
最大者,111
简答题,137
博客,74
双目,1
划,136
活跃,148
提炼,114
理工,33
追赶,183
力学,33
密,29
七段,1
指挥,50
死循环,25
欧姆定律,65
勇敢,146
贯彻落实,11
文革,104
变为,148
与定,191
丛书,74
指示器,16
唯一性,116
抗日,104
差异化,140
课前预习,66
末,47
客户关系,140
唱盘,186
keen,53
重在,127
移动性,182
互动式,177
开销,196
双亲,146
单目,8
中央电视台,22
先于,17
羽化,1
列宁,104
管理模式,50
管理者,50
球,150
摩根,69
多发,164
教案,66
近现代,91
事变,104
车辆,107
空格,61
专项,50
优秀人才,3
分片,142
破解,155
党内,147
日历,139
金星,78
显微镜,102
顺序排列,180
社会公德,106
及子,45
有益,95
识,1
富,105
菱形,194
陌生人,122
历经,68
从表中,144
listening,53
解放战争,104
文化大革命,104
难于,157
安装包,162
绘画,157
aj,150
建好,99
画笔,0
记数,109
招聘,175
迈,113
为物,140
接纳,106
闭卷考试,137
看法,106
考试成绩,167
勾画,0
高频,83
阅读器,162
账户,122
私有制,39
深入研究,108
零售,123
差距,167
数码照片,64
分小组,141
当周,73
系统文件,162
留言板,22
糊涂,179
企业应用,140
抢占,160
经济基础,77
reported,75
原先,55
景点,31
流利地,152
减肥,18
用以,27
init,70
跳,113
王法,12
水中,46
授,156
relief,75
对图,16
奖学金,175
操作性,182
弱点,2
回复,122
防范措施,93
中游,118
凸,0
龙格,69
英语水平,67
课外作业,141
规章制度,12
发,100
遗留,19
用户手册,79
递增,148
唯物主义,39
学术会议,98
张翰,78
缺失,6
月光,29
器中,117
师友,26
二位,44
透,105
数学公式,52
start,53
光缆,96
扩张,148
相似之处,2
爬虫,70
首尾,149
指明方向,192
得分,150
冷启动,8
石油大学,163
变动,45
电表,135
效验,38
夺取,170
恪守,106
margin,59
法律义务,196
中用,27
对此,145
共和国,104
行进,113
对非,164
程序法,39
四门,149
密切协作,181
语气,165
酌情,47
anyway,53
植物,29
所属,131
三座大山,193
变色,46
流式,8
骨干,50
反证法,52
ensure,75
着手,7
万用表,65
高度重视,11
多普勒,83
光标,16
试卷,137
记为,176
安全等级,182
投资者,30
运,86
松弛,161
西北工业大学,163
原始积累,62
超声,92
开局,150
人体,92
稠密,161
社会形态,77
通用型,40
实时性,140
国防教育,189
审阅,159
求助,56
声速,42
革命道路,104
专政,104
学过,102
第七版,76
协处理器,8
设计标准,151
吃,18
abandon,53
结算,196
道德教育,189
架构设计,140
办,89
求出,52
顽强,2
见解,133
表达形式,157
中国人民大学出版社,74
视频信号,83
接地,65
计算机化,120
波函数,52
码率,83
槽,80
佐证,172
准确度,8
可信度,116
腐蚀,103
装订成册,74
上将,69
公示,57
开放性,177
看门狗,154
中共,104
饮料,18
礼仪,106
王勇,168
实地考察,151
工程学,33
郭军,168
畸变,83
文字描述,157
并打印,129
蜜罐,146
袁,90
浙江大学,163
直流电源,65
当年,128
奇异,1
真实性,116
改革方案,12
连接起来,126
购物车,107
事迹,49
爱情,146
嵌,126
音频视频,64
卷积,83
展望未来,3
样例,16
小波,90
杨威,168
叙事,49
适时地,121
rescue,199
婚姻,146
若干次,7
记住,82
狭义,4
反攻,88
优秀作品,74
利息,196
激光打印机,58
互转,181
储备量,72
谓语,61
分压,65
张玲,168
变异,114
走上,113
孙伟,168
loop,53
中华人民共和国,43
加锁,143
菜单栏,22
深层,6
状态栏,16
重庆谈判,104
四项,193
难,25
李刚,168
利用网络,120
慢镜头,150
教学质量,89
引出,19
讲透,158
数词,61
想到,25
论据,48
其子,26
注解,165
绿色,194
排除故障,79
工作进度,50
有效值,83
国史,108
字形,194
中线,30
find,53
这句,165
top,75
项目编号,13
实质性,7
命中,150
装饰,0
建筑群,124
解散,198
很广,2
权力,156
紧,87
二十世纪,91
人脸识别,8
reflect,53
二等奖,170
小于,118
独立式,171
分阶段,142
组织协调,50
复选框,16
很快,25
简称,111
韬,90
美好,146
上层,99
金融,184
马克思列宁主义,104
单摆,52
各组,142
爱人,146
共同完成,181
南,131
精准,8
勇于,36
转场,100
弦,186
崇高理想,94
淡入,115
物资,86
内嵌,126
树中,29
主语,61
公平,106
热爱,94
混乱,148
备课,141
笔译,67
无人,35
所说,4
发明专利,197
共筑,181
美式英语,152
这类,164
高于,118
正确引导,102
第四篇,185
启用,45
微波,83
开出,144
供应链,140
扩展卡,58
基础训练,66
角动量,52
独占,15
常用语,152
技术落后,43
棣,90
工业界,174
入网,150
高中,89
拖延,41
得以,32
排斥,112
真的,87
期,118
自旋,52
红皮书,76
频道,22
绘出,0
数字电视,96
指纹识别,8
画家,157
冠军,170
硕士,175
物联,140
廉,5
履行义务,196
俄国,43
option,59
成败,88
实施方案,12
计算结果,52
弯曲,0
上层建筑,77
孤立,112
盘,194
系统控制,79
电子器件,65
电子邮箱,122
永恒,146
认定,41
专业性,116
倒推,8
感情,146
cid,70
奔腾,183
遍,158
改良,114
强迫,145
票,44
邮递员,89
媒介,19
填表,122
药品,18
全校学生,89
学年,175
意志,121
端点,16
略读,67
辩论赛,170
专科,175
家族,71
欠缺,188
消耗,118
由小到大,180
实践者,178
维新派,104
线条,0
恶意,130
武装,104
课堂作业,141
充分发挥,160
请问,4
该门,149
学科建设,181
人类文明,114
奥林匹克,170
驾驭,0
第一阶段,62
replace,70
淡出,115
深重,124
方针政策,11
心理品质,121
评语,165
并口,58
曲,186
职业规划,175
能为,32
罗列,142
补集,52
合,86
墙,99
上海,43
慰问信,11
前瞻性,116
释疑,142
之分,111
发行版,173
三相,65
施工,151
陷入,118
公共安全,140
cn,60
可扩展性,140
修炼,1
流星,1
inspire,199
神经,121
过细,0
总书记,11
无产阶级,104
encounter,53
head,75
相互连接,126
现行,12
求全,127
拉伸,0
和文,90
线型,0
笔,62
收益率,196
重力,103
共产党,104
范,90
逐项,142
合法,12
人口,77
多方位,160
虹膜,8
离群,112
影视,31
根本利益,77
开篇,49
could,53
系统资源,117
重大意义,11
终点,113
掩盖,6
适时,142
青春,146
视觉效果,0
仿生学,95
感到,106
消去,1
首选,193
分裂,114
丧失,6
移民,77
兴衰,77
几大,193
违背,106
剩下,128
便条,122
理想化,192
组及,14
方略,88
招标,151
尺度,157
基础科学,102
无效,172
每行,139
反病毒,23
社会存在,39
大师,69
高端,171
杀毒软件,23
面前,106
神圣,124
缺乏,6
自上,62
秘诀,127
积极主动,50
servlet,117
前端开发,51
篡改,130
学号,122
沈阳,163
充足,32
写作水平,84
一圈,194
委员会,12
康普顿,69
选手,170
双层,99
代理服务器,117
多边,43
对立统一,39
几点,82
长短,161
翻,55
年份,86
调和,6
投入,36
矢量图,16
游客,31
计划书,159
报到,17
消防,57
坚定信念,94
看作,82
程序管理,162
获,74
本学期,141
队,198
总长度,81
歉意,145
电光,1
数个,47
爱民,169
介词,61
有理数,52
民国,104
emergency,199
drive,59
中点,16
飞跃,114
较难,164
心理健康,195
后置,8
漂,113
一次性,142
生物学,95
全国性,43
联盟,150
o,60
外延,6
统计学,10
预留,151
价值规律,30
东北师范大学,163
和技,140
文理,89
导师,98
振荡,9
治国,88
细则,12
schedule,59
下图,144
熏陶,71
泳道,81
智能家居,140
决心,94
网上银行,122
通货膨胀,184
严格遵守,32
演绎法,39
新进展,101
取消,45
executive,75
播放机,64
an,75
杨氏,71
发扬,11
以此类推,128
我军,88
expand,53
打赢,88
同期,144
数等,144
前沿性,116
和平,104
手,136
解惑,127
gcc,173
明喻,165
字幕,152
余项,7
潜能,94
中期,148
石英,42
搜寻,142
与表,16
少于,128
形体,0
诸多方面,7
特洛伊木马,23
传来,90
裁减,55
积极探索,120
网络软件,154
集中体现,37
自拟,84
重要环节,32
likely,53
重建,55
信息学,33
开发方式,174
available,53
院,99
侵华,104
绝对性,2
该次,45
微控制器,58
推移,148
发生变化,45
实验所,95
阶层,77
连线,22
时尚,0
并求,52
管理系,163
任务栏,16
throw,53
红外,83
遥感,140
详尽,142
初始状态,180
浪潮,178
编辑框,16
地主阶级,104
全民,101
强制性,12
锻练,103
权,24
识记,158
提醒,82
局,57
执行程序,196
行者,1
中非,43
握,46
皇后,146
财务管理,50
记事本,109
超市,18
可知,105
单边,73
精,127
地磁场,95
充分考虑,116
优良传统,71
互不,112
辉煌,62
翻天覆地,114
批改,141
资质,3
文,90
液晶,58
策,88
下次,87
斯大林,104
金额,196
交替,62
倒计时,62
私人,19
todo,53
工人阶级,104
尾数,122
能看懂,67
克隆,174
自我调节,195
课下,141
预置,173
名片,122
倾听,106
成功率,36
应用题,52
believed,53
偏置,83
闭合,161
低电平,65
科创,28
精神家园,71
倾,20
罗,90
时效性,116
十五,47
商业模式,140
表决,147
现代科学,95
传记,74
闪回,49
设计图,151
生产率,184
小树,29
避免出现,32
梦想,146
列数,52
合作开发,24
情绪,195
另一类,164
础,105
主要矛盾,39
流出,144
同轴电缆,96
排成,183
乱码,162
诚实,106
覆盖面,182
无码,110
而定,134
创立,74
许可,24
无声,68
推翻,41
还原,49
十二章,185
delete,70
真诚,106
之四,193
测绘,151
父,26
担任,156
态,148
转型,36
入,86
特异,114
守信,169
更改,45
越,87
可比,87
干线,21
并作,11
电子仪器,109
创设,189
使命,94
保卫者,104
载入,176
广阔,124
highly,75
luxury,53
及大,193
调适,195
王明,168
是因为,82
订阅,22
出入口,99
特权,12
对学,66
冈萨雷斯,69
梳理,142
高速度,120
懂,127
概略,47
经济危机,184
语言学,67
雅,5
明确提出,12
总体方案,151
适量,18
智能化,120
听读,67
管脚,65
迅猛,148
分配机制,181
封闭,99
潘,90
交通灯,81
交集,68
春晓,90
设在,131
美德,71
过渡时期,62
启蒙,102
物理现象,52
信函,159
乐趣,146
互为,112
cd,60
人才需求,3
十一章,185
overseas,59
变法,88
隐喻,157
历次,91
辨识,155
button,59
收发器,96
音量,186
周五,73
exec,70
行为能力,121
简历,175
批准,12
图所,16
保密,32
reference,59
各点,14
中多,27
放弃,25
建筑工程,33
迅猛发展,120
使用手册,79
爱因斯坦,39
综合体,171
系统维护,117
找回,25
航天,95
旋转轴,80
所示,16
基础教育,189
相除,52
与时俱进,11
失效,155
夭折,62
开头,49
写清,129
伯,90
初始值,70
东西,25
功能性,171
表演,98
列强,43
锯齿,194
若有,164
喷墨,58
家,44
外交政策,147
下拉菜单,16
荣获,74
通配符,70
服从,106
身体素质,121
财富,146
工序,79
贯通,124
结实,161
飞机,107
哪些方面,3
internet,96
透明性,42
战例,91
adj,61
保护措施,93
波长,83
三视图,16
unix,117
汇聚,114
公布,159
放到,46
亏损,30
王伟,168
bean,70
教训,145
句式,165
传播方式,120
画线,0
窗帘,80
sum,70
表是,135
软体,23
本科课程,175
又称,111
劳动,106
blank,59
反意,88
英式,152
阻碍,103
吊销,12
位置服务,140
自我介绍,98
下达,56
证实,172
防护系统,23
各系,1
主渠道,189
战胜,170
事例,49
法制观念,102
bitter,75
asp,70
条形码,109
保护意识,106
实施细则,12
一对一,134
with,75
affect,53
动,113
毛,90
思维习惯,178
四点,17
马,90
弱读,61
typical,53
全景式,124
self,59
多元化,120
闪存,58
慎密,121
抽,136
工作效率,121
向下,161
生产关系,178
contrast,75
工程学院,33
整,87
分频,83
认识论,39
数据线,58
后备力量,170
侵略战争,104
西南,131
动能,184
力量,103
邀请信,98
认可,106
一方,35
充满,2
撤销,45
先决条件,32
爱国者,147
产品简介,13
电文,104
树根,29
一整套,7
职位,156
电功率,65
门类,91
值时,65
生涯,150
cfg,162
支路,81
研究成果,95
创造者,155
类及,164
报刊,74
践,169
共轭,52
文本格式,173
新兴学科,33
线序,96
傅,90
四等奖,170
修订版,76
起落,161
eclipse,70
镜头,49
相当于,128
丰富多彩,177
性知识,102
阶梯,99
符合要求,129
爱国,20
坐,113
思潮,77
变阻器,65
厚,194
偏差,82
锁定,142
鲜明,6
图象,52
色阶,0
三是,164
长篇,74
总共,128
集电极,65
可数,61
流入,148
项目风险,184
标示,139
学以致用,189
维空间,52
疑问句,61
打造,171
刚刚,62
密封,46
page,70
成像,8
单相,65
赋予,6
深入探讨,98
free,59
潍坊,163
态势,148
具体任务,50
变压器,65
之二,193
拦截器,23
赵,90
操作技能,72
海洋,21
全文,165
试用,36
四舍五入,109
利民,181
http,59
半殖民地,77
法律意识,102
当今社会,91
具体化,157
承诺书,24
违反,12
实验台,80
行走,113
路线图,88
前向,129
金字塔,114
第十节,185
生产线,79
注销,45
生病,92
摄像机,8
单臂,35
专题研究,11
占据,118
变迁,114
severe,75
有限公司,13
单价,123
取舍,127
从空,1
话音,1
apache,70
高到,87
不可分割,39
倾斜,6
山谷,29
九个,193
自我意识,121
书后,74
引申,157
食物,18
赫兹,9
权衡,3
深化改革,11
高可靠性,140
ex,75
政治经济,77
艰苦奋斗,169
良好习惯,169
氢原子,52
定向,27
图案,194
忽略,82
成本费用,123
科研课题,189
国共合作,104
互译,67
电子签名,140
固件,173
高技术,174
遇见,146
时机,62
通量,174
电子相册,64
频繁,132
管理人员,50
问题解答,158
过渡性,178
按原,129
看成,82
广泛性,116
大中型,50
代入,52
东南大学,163
理工类,175
特征提取,8
附录,108
社会意识,39
外形,194
引线,100
信息量,48
战场,104
控制面板,16
联接,126
多人,35
易用性,182
行为准则,37
回到,113
欣赏,106
微调,6
精化,1
扭,183
雷,90
溶解,42
声道,90
boot,70
做习题,66
脆弱,103
事项,45
扭曲,6
斜,194
数据录入,140
冷战,145
起始,62
地区,43
师范,175
危险,56
方方面面,77
纽带,181
即以,111
折叠,194
申请专利,197
输送,160
材质,0
edu,59
www,70
例证,172
注册表,162
实用工具,173
诱导,164
谐振,83
处置,56
闭式,80
initiative,75
管理员,122
跨世纪,91
接线,65
辨证,38
北京大学出版社,74
自力,169
余力,179
常见问题,158
对照,142
蛛网,161
产品开发,140
潮流,101
收费,196
课文内容,84
极强,2
电动势,65
单数,61
多年,132
看得见,82
航空公司,21
印象,115
弄懂,66
励志,49
救火,56
启航,62
吃桃,18
树是,29
趟,113
政治经济学,39
鄢,90
习题集,137
英文版,152
省略,82
ls,60
data,75
经典性,116
定性分析,41
折中,88
最合适,134
业务员,122
选举,147
系统启动,79
按下,46
敏感,82
泛读,67
起因,145
维新,104
英国,43
密切关系,132
顶,99
下发,12
讲清楚,41
万事万物,39
内外部,120
之谜,49
reserve,59
子树,29
途经,81
社区,89
驱动器,65
制式,40
上以,27
文氏,71
战略目标,88
功能表,162
统一安排,50
多样化,120
直流电,65
简便,182
中国国际广播电台,22
问路,113
并行计算,8
教务,125
海外,43
微电子,33
管控,50
个子,44
描述性,157
重要讲话,11
打击,41
马克思,39
各种各样,7
亲历,49
交付,151
能动,87
测验,66
intelligence,59
重排,180
杨,90
胜,167
previous,53
菜单项,16
说法,172
关联性,48
光源,65
守恒,52
absolutely,53
关心,106
逊,90
光滑,161
特例,12
小说,74
大全,193
第一步,62
delphi,40
尤拉,69
苏维埃,104
调用函数,70
第几,128
需在,129
非对称,171
采取措施,93
fork,70
sinx,52
政协会议,104
下周,73
辩证,38
冲击,36
中向,145
两门,149
直接证明,172
双重,7
储存,46
grip,75
侧,161
tail,59
道德素质,102
渐近,148
从根,37
夜幕,115
整形,136
自然数,52
复查,93
产品价格,123
令,7
有补,38
错误操作,130
还会,132
遍及,193
宿主,114
渐增,148
静,90
科目,158
抗日民族统一战线,104
中小企业,140
摩尔定律,8
试问,35
长尾,160
微变,1
人际沟通,48
操控,155
jsp,117
关键点,37
困扰,132
份,159
反动,104
思想性,48
演绎推理,39
全称,111
势力,77
超前,192
彩色电视,65
see,53
契合,148
核技术,174
近似值,52
注明,129
自动售货机,18
预订,123
汇报,159
负担,132
施加,103
和定,88
筋斗,1
本节,150
录入,176
构图,0
线宽,16
延长,32
八十年,20
阐释,39
点餐,18
和谐,146
capacity,59
清,105
第十四,185
抵制,198
全集,74
虚实,38
经典著作,74
有用,108
郑,90
aa,60
港澳台,153
非空,70
第二册,76
主阵地,120
现代战争,43
拍摄,74
体质,92
道歉,145
熟,18
兄弟,35
一段,49
弹性模量,42
薛定谔,69
利率,196
所起,27
坐标轴,16
英汉,152
自组,198
脱机,117
science,59
最高分,167
脏,113
分流,6
收入,196
传输速率,96
王晓东,168
一级,99
刚性,161
选词,67
五四,104
议论文,84
追加,45
社会学,39
原有,55
指法,186
坚定不移,11
定量化,174
多加练习,67
走出,113
做作,78
多国,43
辩证统一,39
之魂,1
持有,45
金属丝,42
个人兴趣,3
多种不同,134
使命感,94
晚会,98
点到点,120
势,86
维普,173
选择地,134
步长,9
无须,68
望远镜,133
年龄,175
现金流量,184
slim,59
五条,193
惯性,103
超长,171
插,126
性强,2
强国,43
围坐,191
进餐,18
尚,118
黑白,0
灵活多样,189
天气,73
网路,96
就餐,18
总分,167
致使,132
公倍数,52
卡片,122
习,169
心得,127
工具性,178
拉,113
公里,81
新理念,178
中是,111
性及,182
第四次,62
自然环境,77
用主,16
受限,6
终值,184
三等奖,170
拆分,126
孙中山,104
利,5
之三,193
条纹,0
大连理工大学,163
免,129
htm,70
漂移,150
摘下,46
国家教育部,163
全书,74
译者,74
王,90
配备,171
姿势,0
自由竞争,178
板块,73
右移,180
举出,172
先驱,178
抱怨,145
重心,6
角,194
资产,196
较重,188
同意,24
输出功率,83
习俗,71
偶,1
医院,89
待用,46
定则,52
立体化,120
auto,59
人机工程,80
测试环境,173
全世界,43
遭受,118
层中,99
总和,144
洋务派,104
爱好,31
debug,70
跟读,67
七个,193
千兆,96
学期末,89
风云变幻,77
纳入,176
定位系统,173
暗喻,165
尺寸,0
可不,87
改正,145
国际性,43
有意识,82
剧本,49
布,55
生产实践,189
identify,75
自然规律,37
与子,26
种群,114
某事,61
所涉,164
执政,147
网络营销,140
有趣,49
动词,61
统计分析,144
剩余价值,196
波粒二象性,39
赞同,106
人事,156
最右,16
grand,53
单侧,34
照明,65
立足于,37
确知,172
领袖,198
七条,193
指路,113
低层,99
递减,148
数学课程,189
母线,65
associate,75
念,165
入学考试,175
传染病,92
双曲,194
启发性,48
多核,8
复印件,172
堆积,132
灵敏,121
所有制,77
芝,90
控制键,79
库中,108
终极目标,37
振幅,9
猴子,29
相仿,148
读书,169
举办,170
顺时针,194
闲置,55
一本,74
开端,62
缺省,16
图解,110
长期,132
心理素质,121
保密性,116
薄片,194
个人信息,122
出该,72
前置,8
用电,65
促成,24
deserve,53
交叉性,116
影视节目,22
几何体,16
带子,194
作文,84
学术交流,181
可选,134
力,2
接入网,96
signal,59
辅音,61
exchange,59
色调,0
回音,186
一名,190
机型,51
讲明,145
塑造,6
研究型,175
加减乘除,109
不规则,194
从小到大,68
思,105
mostly,75
including,75
一等奖,170
总评,167
行政,156
上应,129
影视制作,140
进度表,151
广播节目,22
文明,114
及时发现,93
助动词,61
灯,29
盈亏,30
倒影,0
海明,90
约会,78
开题,66
抗干扰,83
发放,24
保护方式,106
管理体系,50
相合,86
角形,194
教学管理,189
表在,135
诀窍,127
身心,146
决策分析,140
视频卡,58
学科专业,33
专门人才,33
打听,57
作战,100
努力学习,169
vlan,96
专业术语,152
互操作性,140
分工协作,181
竞争力,3
钢笔,139
一年,128
效能,155
home,53
右端,80
单元格,16
闪烁,126
专题报告,159
字母表,67
助手,156
一一对应,157
以下几点,164
八个,193
波动性,184
三十年,68
联调,140
克服困难,94
身体,92
扮演,49
工资,196
光谱,8
信息流,8
城市道路,81
超星,173
报童,69
即用,27
核心内容,37
root,162
够用,87
稳压管,65
thought,53
数论,52
李芳,168
范明,168
力度,164
快捷方式,162
停车,107
聘请,50
represent,53
不可数,61
初期,132
机动,100
塔,99
界定,41
质点,52
查杀,23
增减,45
环路,81
经济效益,3
趋于,148
时代精神,11
学业,175
出点,179
现实性,48
爆发,62
划艇,199
file,70
控制程序,79
升级,7
行使,12
团结,198
学与,39
观察者,138
背诵,165
一款,171
求精,169
当堂,141
观后感,49
分析判断,121
等候,17
使能,140
黑客工具,23
保障机制,50
每一项,7
储蓄,196
新一代,115
might,53
石油,63
第九节,185
绝对值,52
正则,70
如该,129
日新月异,120
权变,127
路程,113
奥运,43
balance,59
瀑布,29
万,105
左移,180
资源整合,181
模拟系统,173
队尾,183
自觉遵守,50
从文件,70
分时,9
某点,52
迈向,62
供电,65
辨,38
reveal,53
刘建伟,168
开发计划,151
病,92
生,175
功能齐全,171
测评,110
新思维,178
点名,145
伽马,69
及用,27
簋,108
细线,0
帐号,122
土木工程,33
主课,66
温度传感器,65
核心部件,65
大胆,78
瞬时,161
强迫症,195
但加,87
共价,42
历史教训,77
玩,113
上前,35
长时间,132
胡波,168
情窦初开,146
成家,146
从左到右,194
教改,189
缺课,141
白中,161
有且,128
散文,74
冷,87
详细描述,108
享受,134
热学,33
重压,103
相减,52
乐器,186
求职信,84
知名,193
目的地,31
福利费,176
中其,126
各派,125
师,90
基色,83
十分钟,46
刷,87
带电,65
战时,100
提,87
买家,30
展播,22
油罐车,107
适用性,182
体上,194
统的,178
病症,92
一生,146
巧用,19
大奖赛,170
move,53
主要职责,50
绕,113
有效期限,129
导体,42
高效益,174
宏大,124
面宽,99
导语,22
图谱,114
时要,129
音频系统,173
开阔视野,115
住址,122
教权,77
应急,56
坐下,46
非正式,198
保证数据,117
取款,143
奇妙,124
两岁,175
亚当,69
地震,56
总的来讲,188
盗窃,143
生意,30
探,4
性差,182
通信工程,33
联系方式,122
在校学生,89
股票,30
明码,109
学习心得,84
出租车,107
远端,161
难忘,146
与生,92
划清,41
流畅,0
设计规范,151
病毒程序,23
杰出人物,91
主讲,22
女士,90
页脚,16
夫人,90
辆,107
创造力,121
领先,150
三大法宝,37
有事,145
攻击行为,23
竞赛活动,170
热门话题,101
前一天,73
基尼,69
所作,165
生理学,95
何在,68
人民币,196
悠久,124
节能,187
五角,194
帐户,122
断开连接,117
对数,52
桥架,80
租用,19
要会,48
整齐,194
回调,30
ki,60
所列,142
下推,70
十一届三中全会,104
史料,108
年轻,44
暂存,119
表来,109
全域,120
kn,60
开门,113
第十,185
简略,142
bell,75
主频,58
韦伯,69
页眉,16
十二条,1
徽商,71
走势,30
result,53
computing,59
硅脂,58
仓库,99
增强体质,92
第二周,73
行将,62
政治体制,77
阵容,25
永和,26
封面设计,74
最迟,17
分发,8
名单,144
货机,21
条令,12
环保,123
碎片,194
民情,77
条理性,48
小鬼,1
分栏,16
dynamic,59
片断,165
种植,18
魅力,146
阻,103
接管,56
教会,106
focus,53
流体,42
财务报表,196
一场,62
从图,144
电子钟,109
search,59
基本一致,148
崛起,62
政策法规,12
直达,113
戒,1
九章,185
筛查,92
山海经,108
数据保护,140
立正,100
位是,44
对抗,2
产量,123
钠,42
别名,111
十六,47
简要地,142
大写,152
十余年,132
全力以赴,94
敏锐地,93
重读,165
尽情,134
负值,9
必备条件,32
第二层,99
史记,108
禇,90
温度计,109
指针式,65
维吉尼亚,69
影响力,198
健康状况,92
欺,15
辆车,107
rear,59
influence,53
费米,69
放,46
唯心主义,39
机件,80
牢记,11
作业量,141
一列,107
利润,123
方向键,16
情理,39
带队,150
校规,89
该行,184
陪伴,146
止,105
亮灯,29
挑选,134
莫雷,150
共计,144
width,59
求是,169
几位数,122
先读,66
阶段性,148
条约,24
每件,142
好像,25
挨打,145
举世瞩目,43
专题报道,22
前半部,49
因果性,39
着墨,0
机械工程,33
一对对,146
汉语言,175
潜力,3
确实,172
理科,175
新亮点,177
考,137
asa,199
加油站,63
弧形,194
厂矿,63
试探性,36
药名,38
分化,148
可为,27
kk,60
桌旁,191
高精度,174
科技成果,174
名义,19
多提,15
调速,65
免费邮箱,162
一代,43
卷动,114
肖冰,168
野外,183
好几,87
控制论,39
了如指掌,72
反射性,121
新鲜,18
双工,96
坐在,35
至大,124
军方,147
发生冲突,145
泰山,125
九宫,1
五年,132
堆中,46
典范,62
现代诗歌,74
退回,145
电子元件,65
看其,1
潮,101
底,194
掉电,65
参与者,155
笼子,183
忘记,82
人工工资,123
经管类,175
串连,180
出版单位,74
功放,83
assembly,59
社团,198
性化,171
熊猫,110
不断创新,120
methods,59
说出,165
图来,0
必检,93
雅虎,51
车轮,107
心跳,34
fade,53
渐变色,0
原创,22
图形符号,65
六书,39
timer,70
心理特点,189
按非,129
服饰文化,77
自控力,121
余秋雨,74
赋权,178
灭,1
前沿科学,95
水土,86
资质等级,57
关节,103
一只,190
留,113
handle,59
要义,37
电子系统,79
工业化生产,174
一船,21
条理,48
实地调查,144
直角,194
平铺,46
实词,61
小组活动,141
lc,60
hover,199
铅球,100
善行,71
承,105
快捷键,16
军,183
境遇,49
诺顿,69
cin,70
各不相同,142
左后,80
个人观点,30
数码产品,109
电子产品,109
service,70
前身,131
谷歌,51
界面显示,117
要开,62
涡旋,114
面像,194
concerned,53
心中,146
存款人,196
纸片,139
热敏电阻,65
物流配送,140
spend,53
拉丁,69
刘启,168
置入,46
颁奖,98
例文,84
怀才不遇,91
用带,87
及微,22
最有,128
歌手,186
途,127
管理层,3
胡,90
能流,136
形式美,157
总统,147
商务活动,31
板卡,58
开办,89
三大块,193
魔方,8
物与物,120
送入,46
紧迫性,94
六朝,26
断口,161
心理疾病,195
服务提供者,140
迅雷,51
生死攸关,56
教研组,189
后方,56
工程预算,33
牌照,107
远大,124
浏览者,51
诚信,71
顽强拼搏,11
敲入,126
簿,176
矿山,63
指点,127
硬核,51
均分,167
附,47
单科,175
承建,13
身,1
度为,148
中文版,74
精诚合作,181
轻松,25
新纪元,62
评审组,151
提倡,37
歌唱,186
导图,158
早上,73
不利,118
归属感,94
鸣响,124
先入为主,121
掺杂,82
政治权利,77
装满,46
源自,114
图是,16
聚焦,101
行中,127
冲动,25
针脚,0
体育比赛,198
基本成分,95
现代科技,102
三年级,141
圈,101
靠拢,148
第三层,99
跳投,150
关门,113
紧急,56
知识经济,120
升降,80
力矩,80
水仙花,29
cohen,53
块数,194
第一条,12
书本知识,102
明确分工,50
修改意见,151
学长,89
年末,73
校门,89
改性,42
一人,35
功绩,88
外包,140
公益活动,198
袁方,168
单台,40
四邻,54
単,97
市场调研,151
极差,2
刺客列传,49
枯燥乏味,102
环绕,194
出发点,37
本能,121
五力,1
每月,196
感应,1
决策层,184
争夺,170
铺设,81
充分调动,11
解体,114
合金,80
当当网,74
充分准备,32
ajax,117
切合实际,192
占空比,65
志向,94
回放,158
音标,67
二者之间,6
折现,196
照相机,109
分析仪,173
箭头,16
第九十,185
中国人民大学,163
电影业,77
标志性,0
松散,161
选拔赛,170
识读,139
网络连接,96
王鹏,168
二条,55
用表,65
全方位,7
花旗银行,184
索赔,145
无数,7
提炼出,84
键值,70
学习动机,189
书中,49
动摇,6
境,1
語,85
随机性,182
初高中,89
周日,73
择优,22
条件成熟,181
轻武器,100
战略防御,77
之词,165
兰,90
霍桑,69
电脑设计,33
一家,190
bx,60
由北向南,81
有边,191
ll,53
文人,91
质变,114
传送带,80
船舶,21
手臂,0
崩溃,145
周游,31
选举人,147
曲线图,144
归一化,83
spring,75
所要,19
踏实,146
网上商店,51
炼成,1
内能,103
映,105
嗜睡,34
密不可分,82
还书,66
dean,53
第二组,170
游击战,104
apply,59
首选项,16
伏笔,49
bottom,59
实弹,100
故事梗概,49
修理费,196
资本输出,43
基体,42
网络接口,96
工效,100
个空,194
安,90
促销,123
五号,69
concern,53
一口气,87
东升,105
医药行业,184
补偿,24
报刊杂志,74
殖民,77
木林,90
深耕细作,140
锡,42
稳压器,65
油藏,63
最高峰,118
王云,90
玻璃,42
交由,50
之六,193
课以,189
七项,12
纪律处分,176
有车,107
处理单元,8
喜剧,49
认真负责,94
紧凑,0
卧姿,100
重中之重,32
政体,77
孔,90
组织纪律,156
购买者,155
过度,82
生活空间,177
朴素,78
建筑,99
缓,56
场外,191
dns,154
沙漠,63
磊,90
征服,172
创建对象,70
猜,87
耳机,186
混合器,83
启迪,84
古人,91
背景音乐,186
用后,161
地形,81
放射性,42
饶,90
工商,57
全加,179
許,85
业务水平,72
战线,88
勤奋学习,169
房价,184
治病,92
本土化,43
售货,97
书本,66
捕捉到,82
出席,98
输油管,63
军备竞赛,43
单张,64
客户服务,140
relevant,59
plugin,70
交流活动,98
阶数,83
移入,46
阁,99
二维码,22
低年级,141
输,87
洪涛,168
民主运动,104
原生,155
经济周期,184
rate,59
恩格斯,39
天对,106
联邦,147
建平,105
要学,66
惯用,19
修正案,12
中级职称,175
被忽视,82
保护法,12
围剿,104
社,74
导电性,42
雷同,197
杨志,168
两组,142
衍生,114
引号,61
生日,146
衰变,114
成交量,9
听从,106
麦克斯韦,69
装运,21
婚礼,146
宣战,145
任何时刻,32
警报,56
取回,46
抛物,164
宗教信仰,77
体在,114
判断题,137
目光,133
kd,150
桃子,18
接轨,120
压在,183
华成,90
先期,56
拼搏,146
水印,139
官兵,100
处士,26
尽头,113
训,5
热启动,65
疾病,92
杂项,108
数学分析,10
length,59
slot,70
英勇,104
汉诺威,69
摘录,108
新途径,178
兔,86
进度条,162
大中专,175
导入到,173
高能物理,33
自律,94
平,166
粘贴,139
留有,27
来学,66
普里,69
圆周,194
析,105
判决,196
即插即用,58
辛丑,86
被查,143
一丝不苟,94
一百年,114
醇,18
扩容,120
剧变,114
勇于创新,169
至多,128
抖,136
眼里,133
吉林大学,163
芯片组,58
连接件,80
一写,84
the,53
寿命短,42
退队,198
收缩,148
硕士学位,175
更上一层楼,167
积极开展,50
心理准备,121
礼义,71
区块,8
商业网站,51
大伟,168
近代化,77
精神分裂症,195
犯,41
磁悬浮,65
大局,88
旧式,55
红色,194
可信性,116
广大读者,22
假期,31
込,97
斯特拉,69
弦外之音,165
绝佳,36
之日起,45
一共,128
远,113
事业部制,184
植物种子,18
存于,114
visual,53
电子货币,8
两路,88
碳化,42
严禁,129
proof,53
密切合作,181
扩散,114
履职,156
两极,114
一五,193
安全设备,140
平均速度,81
强化训练,66
附在,126
visited,53
信息源,130
铺,99
之美,0
压强,42
特定条件,155
着装,78
新教材,158
论战,39
新颖性,197
敷设,80
总长,81
余三,26
荣华,146
作家,74
简单句,67
弹性,161
不断改进,174
锚,21
哈佛,175
南天门,1
太,87
ab,60
无名英雄,104
打算,25
献身,94
做大,160
姆,69
行之有效,192
切入点,62
核心层,96
隶属,131
智能性,182
主机板,58
元代,105
努力奋斗,146
ad,60
stretch,53
陕西,43
入口处,99
瓦,69
试求,52
加壳,117
政论,74
打招呼,145
手势,145
角度看,138
多点,87
互联互通,181
左端,80
表不,135
这项,95
灰,105
象棋,170
坚持真理,39
文字说明,139
伦理学,39
节省,32
照片,64
脱离实际,192
课让,141
遇,86
游戏规则,134
拍卖,30
就职典礼,147
有损,145
凌云,90
王旭,168
次后,36
踪,26
照顾,106
萧绎,26
修满,175
已空,35
早退,141
ii,60
辅,88
网络通讯,96
整体规划,151
燃料,100
相近,6
投影机,58
参赛选手,170
基本准则,37
特种,100
初有,62
松,90
热力学,52
国富论,39
最前沿,120
低速,81
百兆,96
报告会,98
沙漏,194
战后,77
快照,117
要视,129
带头,12
股票代码,28
余生,146
借鉴,36
苏轼,26
军旅,49
科举制度,77
回程,183
才能救,38
喜爱,106
三字经,165
地使,126
舞蹈,186
孙阳,168
mac,173
钱能,87
相持,88
year,53
向善,71
群群,44
蝶形,194
红蓝,194
向上,0
en,60
源头,114
安徽省,131
生活理想,146
圆桌,194
英语听力,66
橡皮擦,109
应试,137
沟道,42
光波,1
科研开发,140
民众,198
第一课,141
打入,35
弹道,100
药店,18
显卡,58
客观规律,39
伟大胜利,104
道士,1
王选,168
控,160
量子力学,39
类推,52
八线,81
战略方针,88
墓,108
数学家,52
稳健,184
率较,164
语态,61
主杆,29
五大类,193
发给,122
田中,90
徐志摩,146
constant,59
每辆车,107
purchase,53
对表,11
测量误差,83
进货,30
起源于,111
消灭,41
独秀,26
论语,39
和谐社会,20
天线,83
运动会,170
图斯,69
磁盘碎片,162
对外经济贸易大学,163
电学,65
实现理想,146
区有,131
时代特征,178
心理障碍,195
图谋,88
短尾,194
ai,8
清洗,55
ssh,117
commercial,75
一环,193
直接插入,126
卡特尔,69
临时,56
产销,123
知己知彼,127
子女教育,184
共和党,147
携带,155
清晰度,8
宿营,183
治疗,92
振,90
克鲁斯,69
体验式,177
协,131
探伤,80
考量,82
cnki,108
求图,162
节一,29
时取,46
悬挂,194
探到,9
首位,128
体验性,177
志愿,89
组队,198
柄,1
觉悟,94
井,63
大事记,62
technology,59
vs,73
传送器,65
灰色,194
取向,39
心灵,146
促进作用,2
品牌,123
华东,43
迈克尔,69
里程碑,62
自由选择,134
质量体系,79
回收站,162
核对,142
战,167
相互配合,181
彩图,139
流动,161
角逐,170
分节,16
主持会议,11
美的,146
配线,65
磁道,58
五分,35
缩写,152
普遍性,116
国,43
留学生,175
庞大,124
粲,26
赵志刚,168
顶岗,189
阵地,100
股票名称,28
苦难,146
母语,67
公认,193
中继器,96
米粉,18
纳,69
归档,119
棍子,136
最先,128
方便快捷,171
无从谈起,37
坚强,146
经济性,182
章子,139
字面,4
css,117
接收端,83
限值,81
道格拉斯,69
送给,25
跨平台,140
兰克,69
四元,52
废除,12
中选,134
做些,36
总行,196
错误认识,39
旧,55
古,105
何勇,168
同伴,69
卓越,2
顶峰,62
桃花庵,26
情操,94
不利于,132
王生,168
科研单位,95
琴棋书画,91
两队,150
一轮,62
时标,194
求真,169
最能,128
电弧,1
审视,133
飘浮,1
外界,118
禁忌,92
键入,70
借阅,74
保守,78
晋升,156
台独,153
侦听,117
至此,62
升,105
photoshop,173
颤抖,90
体育课,141
切身,106
复制到,162
七层,99
奥秘,127
脆弱性,184
投影仪,109
不准,12
提高质量,32
速读,158
里会,126
盲目性,116
原形,1
集成化,120
频响,186
研究组,174
选拔,170
日语,152
引进,43
入微,1
他应,106
比较级,61
中叶,62
亲人,146
eventually,53
固定资产,196
拍照片,31
预防措施,92
错位,6
串流,58
飞越,114
窗,99
有限性,39
巨大变化,114
创办,74
新动向,101
恢复性,132
贪婪,133
开发者,51
分三,47
多种手段,160
梅森,150
李心,90
游程,31
环境法,33
回退,16
消防安全,72
登录名,122
默写,66
中待,46
朦胧诗,84
abstract,59
依规,50
双数,128
双口,65
三页,139
but,53
单点,8
联系电话,122
景物,157
瞬态,83
墨子,91
第二次世界大战,104
方位,86
历届,170
读后感,84
宏观经济,184
小节,165
稍息,183
磨损,80
绩效,50
再作,88
技法,84
否,105
无所不在,114
宽广,124
吸,46
版式,139
半天,87
热辐射,42
舞会,98
址,13
服,105
ccs,187
達,85
持枪,190
恐,15
竞争者,167
after,75
escape,53
重庆大学,163
责任心,94
天津大学,163
盲动,192
advantage,53
低潮期,118
袋内,46
快乐,146
多用途,171
重庆,43
讲学,125
行不通,127
凝聚力,94
无以至千里,169
微微,0
电视大赛,170
科技含量,171
比较突出,188
投稿,22
最高价,9
越高,155
美林,73
顺次,180
结局,49
schema,70
免疫,92
传染,92
相对论,39
电子设备,21
停放,107
空翻,183
三维空间,157
单利,196
环境污染,92
守法,71
一倍,99
电,65
contact,75
出口处,99
老化,55
点亮,194
大屏幕,115
仪器仪表,33
传输数据,96
共同之处,91
蒂姆,69
考研,175
服用,34
壳,46
再行,88
光驱,58
外观设计,197
节约,32
政策方针,77
周期长,132
出版日期,74
传统美德,71
可选择性,182
流行病,92
minor,53
篮球运动,98
比达,128
defined,59
刚过,17
勤,169
四川省,43
感性,48
海绵,161
第九十二,185
器械,100
茶经,26
里克,69
生动有趣,102
逻辑学,39
摆,78
靶,100
两端,161
天才,69
悉,105
经常化,120
虫,1
突发,56
网络课堂,189
不良情绪,195
程序安装,162
敲门,143
人际,77
哪些地方,158
哲学理论,39
幺,90
节选,74
实务,158
室内,99
西厢记,91
措辞,165
凯撒,69
为宜,129
見,85
奋起,20
吴宁,168
异型,194
不积跬步,169
布置任务,141
即时通讯,140
骤,46
责任制,50
课外辅导,189
直译,152
沮丧,121
pipe,70
过早,132
刘伶,26
保质期,123
中华文化,71
外国专家,43
西进,88
电动,171
面对面,98
马云,98
科技型,140
网络广告,23
风俗习惯,77
via,53
狭长,194
遴选,170
准确无误,126
机能,92
博大精深,91
东北大学,163
sc,60
近义词,61
同名,49
立业,169
体重,92
外挂,51
及外,129
放射,194
幻灯,64
人机对话,8
捕手,8
对内,88
郭鹏,168
不可否认,172
预设,134
港口,21
算数,109
社论,74
为实,38
乐天,198
规划局,57
到物,140
镇南关,88
建成,151
哨兵,100
反帝,104
上要,87
转轮,100
立方,194
较差,188
之五,193
事,49
顽固派,104
電話,85
专指,111
command,70
脉搏,93
耐力,121
赏析,84
歌,165
组内,170
如本,164
久,132
孙家,71
猿,1
板上,194
每棵,29
代行,156
八子,26
微软公司,51
征程,62
居中,194
vital,53
由易到难,158
教学进度,189
铭文,139
桥接,96
性格特点,48
氛围,94
治理,50
李煜,165
建设期,174
玉林,31
特技,1
基本国情,77
虚拟环境,117
立论,38
管理手段,50
良好环境,181
居安思危,20
勇往直前,94
开卷,137
飞翔,183
去掉,46
转述,165
自信心,121
残疾,92
小步,113
利润率,123
卧倒,100
宇宙,114
播种,136
网段,96
数比,144
倒序,180
光速,9
安防,140
junior,199
引导性,48
助理,156
class,59
原始记录,108
笔头,139
先取,46
有无,93
加油车,107
吸引力,3
电烙铁,65
异性,78
俄罗斯,43
听取,142
滤掉,83
天气预报,73
越来越快,148
激,136
合理布局,181
对光,42
近年,164
重量,100
非分,78
张宁,90
三位,44
击中,100
早产,92
三章,185
共餐,92
个根,52
改装成,171
贴近生活,49
help,53
断开,65
和关,78
黄,90
加速器,51
suicide,53
销售额,123
革命派,104
香浓,18
ax,60
决策者,147
光强,42
评议,142
信箱,122
应用科学,33
血管,92
式子,52
期初,196
移至,129
人称,111
御,105
除以,52
十月革命,104
女队,170
商城,22
医学院,175
ones,53
通向,113
偏振光,83
批阅,66
伶,90
一枝花,29
当家作主,104
航天技术,174
结婚,146
青睐,3
由头,19
纷纷,101
成建制,131
民意,147
具体表现,188
鸿雁,105
画轴,1
未留,68
负面,6
让路,106
参数设置,16
地质灾害,81
耦,26
想法,25
发明,95
附庸,112
犯错,145
普适,178
钻石,194
培植,29
开始菜单,162
鸡,18
字数,84
部队,104
分析师,184
地向,145
只鸡,136
硬盘分区,162
抽象概念,157
自尊,106
双击,16
露营,31
情,146
写道,159
机内,65
图为,190
杠杆原理,80
影,29
应答,93
port,59
红光,1
认真贯彻,11
气候,77
表面积,42
課,85
点距,80
而来,114
比前,9
购买,164
疯子,69
蒙版,16
填鸭式,189
前来,44
第七十九,185
以单,35
单层,99
人民共和国,104
发达国家,43
热量,18
想要,25
中心点,194
改装,107
支撑物,103
可怕,92
排出,34
流中,114
推迟,56
流向,148
移动用户,96
单支,128
有功,88
感,0
特质,2
团结合作,94
衰退,148
全部内容,158
传奇,49
严防,164
引力场,52
队形,100
情商,121
餐馆,89
第一台,62
配送,140
词汇表,67
第十四条,12
言,105
分手,145
主动攻击,2
情趣,146
职务,156
课要,66
空运,86
家谱,108
杨树林,29
压迫,103
反腐倡廉,11
韩家,71
后期合成,64
广播电台,22
五代,105
user,70
合乎,192
参悟,1
千千结,146
ed,75
患者,92
选址,151
左倾,104
专业训练,170
班会,141
传真机,65
相适应,120
称作,111
变电,65
控制能力,121
per,75
防御性,2
中小学,89
课在,141
学用,67
厂矿企业,50
首页,22
爆破音,61
邮件系统,117
伤害,82
印出,139
完全符合,192
空缺,156
mn,52
close,75
明清,105
十六位,1
持久战,62
当作,82
李月,168
不拘一格,91
友谊,146
ing,60
兴趣爱好,89
校史馆,89
真情,146
愤怒,145
多维度,140
寿命,155
边上,191
市场需求,123
比热容,42
抑郁,195
首都,43
痛苦,146
品牌机,58
四节,150
格子,194
第二课堂,189
定位问题,117
小项,135
opportunity,53
安全事件,23
不到,128
吃掉,136
statement,59
多用,27
鹏程,90
佛教,125
做错,145
教研,189
复合句,61
行为规范,12
人杰,26
transition,53
帐簿,119
护理,92
数到,183
美国哥伦比亚大学,163
优质,32
多组,142
核算,144
松鼠,29
海报,49
如图所示,16
刷新率,58
物化,157
厂主,63
高风险,164
边框,139
均会,129
超线程,58
微笑,146
汉化,162
科学普及,102
日益频繁,120
工位,141
满江,186
模糊性,116
无量,1
头到,113
或门,65
堂兄弟,71
掀开,46
新陈代谢,34
幕后,62
丧权辱国,104
整改意见,72
行为科学,39
响度,186
八中,89
认真思考,66
安贫乐道,26
功率因数,83
负债表,184
端到,46
新会员,198
伴有,34
潜,105
损坏,155
妥善,56
座谈,98
一国两制,153
using,75
名校,175
威慑,6
普拉斯,69
兴国,20
本组,170
换算,144
用品,171
上行,184
前述,164
男,190
德文,69
服务中心,140
身体力行,71
中宣部,74
电场,65
正好,19
项目部,151
指在,4
融于,126
热,34
主权,43
学习成绩,167
女性,92
过滤嘴,80
中较,111
细节决定,82
逐帧,8
连句,145
经管,163
八大,193
精神实质,11
品种,30
不长,87
item,70
卜算子,26
動,85
以新,178
防骗,110
中低层,99
运行状况,93
赛尔,69
第八十,185
离婚,146
题意,52
层出不穷,164
嗅探,23
及性,92
烧杯,42
sp,60
不容,20
计算机行业,184
期望值,167
比选,151
套装,171
收听,22
中宏,53
of,75
音质,186
思想解放,39
看着,146
校,89
牡丹亭,49
恢复正常,148
及侧,194
each,75
超声波,83
兴山,31
排查,93
升华,114
文文,168
分项,135
果,29
江南,153
记录本,109
为选,134
自发,198
进队,170
平均分,167
受到重视,106
外因,103
便捷,120
宽带网,96
首次,7
社会公众,164
学术界,108
五门,149
开卷考试,137
很难,25
颁奖典礼,98
萝卜,18
零件,80
黑大,163
严肃处理,176
度假,31
温故而知新,66
拟以,28
要举,11
第五回,49
高级人才,50
到位,87
隐形眼镜,109
后写,84
退货,145
新闻稿,98
创造条件,32
急速,148
进攻,150
依然,25
带领,167
小组长,141
更具,6
图图,110
呼唤,106
迫切,25
加油,167
地是,19
半自动,100
十二个,47
程式,178
中小学生,189
对分,135
一个样,179
年级,89
放声,191
奖,170
自然观,39
校内外,189
封建主义,104
戳,110
批判,39
拼接,0
开放政策,77
亚军,170
用友,140
通晓,127
穿越,113
mask,59
姜,90
倒数,167
策略性,177
棱镜,138
必需品,18
青鸟,1
批判性,39
兴趣小组,141
米尔顿,69
第四册,76
艳,90
正音,67
大跃进,62
性是,39
大庆,150
原图,162
节电,65
用微,64
发展中国家,43
基本相同,40
跪姿,100
感激,106
第八十八,185
作物,18
打牢,11
更快,25
教学资源,189
os,60
上题,26
行不行,87
彩色打印机,64
游击战争,104
赢得,106
一地,47
百元,123
拉赞助,89
保护剂,42
泰罗,69
副主编,74
若遇,129
取证,143
进取,169
总会,146
记录器,79
中学英语,189
根数,80
未解,68
天然气,63
地去,25
指派,156
砝码,6
服务性,177
撤消,156
hp,60
国民革命,104
depth,59
电子标签,58
卜,90
煅炼,1
互联网安全,23
管理站,57
发现自己,82
场中,191
最差,128
标准规范,140
汪涛,168
列上,176
拯救,25
公民权利,77
个点,44
取长补短,181
音调,186
难度很大,25
决出,170
五元,76
放飞,146
短期,184
林肯,107
决赛,170
乘车,183
明德,5
某月,135
先写,84
油管,63
成文,12
沟通交流,181
严谨性,116
交易中心,30
农田,29
电信,96
涉密,154
器具,27
笔画,139
冒进,88
天龙,1
燃料电池,174
动态效果,16
按该,129
大选,147
借用,19
赛区,170
应运而生,62
操作员,79
常见疾病,92
本质特征,39
审校,90
性格,78
霍兰德,69
内阻,65
绝大多数,164
其头,191
政治学,77
明确责任,50
大树,29
东北师大,163
答记者问,98
现已,193
谈到,98
无缝,126
零时,56
div,59
烧香,54
completion,53
分摊,135
怪笑,1
个人隐私,122
并不大,2
实弹射击,100
公约,12
五人,35
思想史,39
王爽,168
硬币,76
绿皮书,76
确保安全,32
势必,25
set,59
性别角色,178
短句,165
奋斗目标,11
电磁波,42
蹲下,100
失,78
蒋,90
误用,38
可省,129
评点,165
与生俱来,2
法案,147
百分制,137
封面,74
纲领,37
看做,82
蹲,183
浓厚兴趣,102
伸缩,80
设计者,151
少华,90
表露,78
必胜,88
fisher,59
通信录,122
时而,0
出生,175
变易,127
routine,53
通往,113
洞察力,121
页码,139
残疾人,195
区时,93
num,70
达拉,69
破产,196
调音台,83
调查过程,143
库存,123
时代感,94
人群,92
火灾,143
右侧,194
择偶观,146
前所未有,7
上级,159
单兵,100
几次,36
替代品,123
代号,60
新教,125
测度,114
水果,18
附设,89
熟能生巧,169
税金,196
城域,96
纺织,33
为头,111
自然光,0
完美,25
制备,42
气氛,148
尊严,106
当该,164
一角,115
变电站,13
哲学思想,39
投放,155
详述,142
学唱,186
自动记录,176
提高素质,169
契,5
日立,58
身份证,122
音乐剧,49
如表,16
黑体,139
钢丝,80
电池,65
祖先,108
电影剧本,74
生动活泼,189
这条,113
透过,126
十一五,174
道理,127
其他费用,196
分镜头,84
人身权利,106
关汉卿,91
文化教育,77
di,60
所能,103
哪几,193
状,194
诊病,38
幅度,9
书面材料,24
与面,14
记作,52
社会主义者,147
政治协商,104
许,90
運,85
走访,142
论争,39
part,53
方形,194
朱青,168
老一辈,106
终极,193
卓有成效,50
贵国,88
bi,60
pearson,59
内因,103
连词,61
象征,62
书院,125
使该,164
im,60
自励,169
各省,12
崇义,26
赞扬,106
分析员,184
英译,152
超级,87
rice,75
乃文,90
瑕,1
无限性,39
冯玉祥,104
殖民地,77
停车场,107
发展前途,3
采取相应,93
立姿,100
减轻,6
自愿,24
借景,165
信息网络,120
错误思想,39
狩猎,31
鄂,5
场内,148
或右,16
地理,77
药物,92
阿金,90
自理能力,48
触,126
规避,164
表情,133
入门教程,173
历史渊源,77
计算资源,8
承受能力,121
光子,8
纵观,62
中泛,161
分立,14
安培,69
米,194
另一端,194
再生产,178
户内,65
德治,71
李东生,98
遗传,92
讨厌,106
电缆,65
分配原则,134
编列,12
南京大学,163
能源,40
两岸,153
眼中,133
下调,123
扇区,173
散射,42
等额,196
多渠道,120
日报,22
宝莱坞,43
商业智能,140
成功经验,181
火山,63
已修,125
分配资源,119
矩阵式,0
down,53
总称,111
目前为止,128
愈来愈多,148
络,105
powerpoint,16
直径,194
山东大学,163
外置,171
思想体系,39
外购,123
及超,171
悟,1
分辨是非,121
为人师表,189
试图,25
施耐德,69
内力,1
隐身,115
校园文化,189
科学知识,102
圆周率,52
丰硕成果,11
束,194
单次,128
本表,135
置信度,8
许可证,12
波特,69
节有,29
断句,165
亮,105
系统学,102
李涛,168
具体来讲,37
q,60
以太,8
编辑部,22
内建,171
功能键,16
现用,38
统称,111
列中,16
蝴蝶效应,49
往届,170
吴丹,90
成绩优秀,175
反演,83
insight,59
攻防,150
质数,52
求主,146
分区表,162
千分尺,80
将物,140
相符,172
会员,74
做成,194
上仅,15
欣欣,168
分法,39
学理,39
拆字,139
新郎,146
中弹,100
邦,5
警告,145
待定,166
桌面背景,64
互动学习,189
其能,27
固守,88
二种,111
防火,42
临场,121
拥护,104
不可避免,148
decade,53
variable,59
蒙板,16
单行道,81
答复,145
芯片级,58
第七十一,185
副,44
基本粒子,52
权能,39
张越,168
准考证号,122
主导地位,148
赞成,106
原数,196
视窗,16
sin,60
盛,105
远远,82
大大减少,32
八年,132
後,85
最欢,128
重新排列,180
劳动力,3
极化,83
美国国会,147
考试制度,137
石块,194
汉,105
群发,122
bc,60
難,85
数加,52
明理,169
还原卡,162
w,60
逐步完善,120
最受,128
ni,60
大型项目,140
多长时间,87
总表,135
计时,109
束缚,103
唐宋,105
互联网服务,140
放电,65
词类,61
人权,106
十项,7
油漆,42
尊,1
vk,60
信封,46
顾客,51
美国式,178
笃实,169
普,5
门限,83
不懈努力,169
楼层,99
易学,127
获得成功,36
文摘,74
tick,70
碰到,113
到校,89
落伍,55
穷鬼,179
如图,16
步行,183
每台,155
几何学,39
身影,115
面貌,55
养老,31
眼光,133
机电类,33
快慢,148
起大,62
终端设备,140
求子,146
技术细节,8
复利,196
接力,73
综合利用,174
各条战线,167
序幕,62
run,53
无形,103
丽亚,69
大力提倡,37
秦,90
台湾,153
币,196
英语语法,67
隆,90
大型软件,173
android,51
纸本,74
戴尔,69
可对,27
有别,164
方格,194
化解矛盾,181
开锁,143
某人,53
设施,171
恶意软件,23
蒙特卡洛,8
保护性,132
人与物,157
利润总额,184
交流平台,181
日益增长,140
彼岸,146
led,65
拨号,122
花,29
参与性,177
电子计算机,109
random,59
双侧,34
可塑性,2
条款,24
上除,15
输出量,155
射击,100
奶制品,18
校史,89
省,89
补全,19
too,53
求知,169
跳线,58
搜集整理,108
新面貌,55
中位数,144
配制,100
降价,123
顶级,193
十九,99
另设,129
历史使命,11
后台程序,117
单极,65
大决战,62
体育锻炼,92
有序化,120
举,19
产品设计,140
包覆,126
几组,142
或称,111
各节,180
低成本,120
退役,167
断,148
晋商,71
妇女解放,104
构,14
折,136
席慕容,165
数中,52
绝对路径,117
恰是,62
各年,135
侧重点,37
业内,101
低频,83
考评,50
辩解,145
eye,75
从属,131
讲评,141
三权分立,77
收支,119
线电压,65
配对,8
尺,194
住宅,166
精灵,29
及早,93
辉光,69
拼版,76
提示信息,130
值为,60
为类,111
启停,65
开发进度,51
到来,62
六大,193
主角,49
嗅,46
介入,164
印度,43
物理学家,95
行行,139
配色,0
生态圈,140
宾语,61
德鲁克,39
分水岭,62
缆线,80
队列训练,141
下回,87
新开,73
html,70
网络电话,122
得不到,132
平稳,148
出货,30
课前,141
著作权,197
自来水,135
市场行情,30
档案,108
跟上,113
旅游景点,31
return,59
下功夫,188
个人主页,64
接人,56
大革命,104
错误信息,130
截距,52
虚心学习,169
恋爱婚姻,146
而边,191
英美,43
辈份,1
成功者,91
从始至终,68
焦虑症,195
卢瑟福,69
接点,65
style,53
礼品,18
原材料,123
信仰者,39
打工,31
幕前,153
面粉,18
数据服务,140
数据网络,96
面广,188
太阳能,42
野鸭,29
读法,67
成功之路,49
一词,4
张晶,168
考生,137
告警,93
连入,96
词尾,61
好运,86
复旦大学,163
腾讯,51
电荷,42
conference,59
节食,34
辐射,95
同组,170
琴,186
论是,2
澳门,153
试听,186
尝,36
operator,70
to,53
趣,49
按着,142
列传,26
汤姆森,69
制敌,127
裁判,159
union,59
提前准备,129
动画影片,49
化分,114
姆斯,69
底纹,139
理政,88
突破,36
选文,84
赵燕,168
敌人,104
process,53
模电,10
深渊,62
创业精神,94
客观条件,103
url,70
记时,109
春风,146
整部,49
bn,60
踏着,183
开走,107
接受程度,30
动能定理,52
卡纸,139
待查,56
团购,123
上用,194
刘晨,168
完全相同,40
从容,78
方程式,52
逐个,142
座谈会,98
战略重点,88
问候语,152
听琴,26
远大前程,62
华光,1
减淡,6
实时控制,79
三任,156
分步,142
拼图游戏,157
导则,12
方言,152
光芒,133
刘伟,168
观众,49
四位,44
原油,184
医药公司,123
原声,186
子孙,71
局限于,82
域外,1
总则,12
组间,52
内幕,101
张凯,168
供应商,123
每位,44
第五次,62
时能,32
社会活动,77
抽查,72
理性,38
建国,104
飞鸽,183
写信,145
抓,41
音节,165
荣誉感,94
魔力,186
音频文件,162
critical,53
时间差,17
大观园,49
左脑,48
可视,111
开机,62
宣传,110
英文单词,152
计算出来,8
电磁学,52
纽约时报,74
荒岛,49
党的建设,11
声誉,106
总论,39
课程计划,189
必会,103
断点,117
南极,43
恶意代码,23
磁性,186
圆圆,194
砖头,194
其右,35
额度,196
夫,5
抛物线,52
不断完善,120
威利,69
套件,173
合成器,186
小数点,109
调控,184
栏目,22
间谍,104
建网,96
农科,33
缓慢,148
两岸关系,153
创业项目,51
直通,99
师范类,175
须知,127
擦除,16
hadoop,70
组织关系,156
黑匣子,79
其前,0
前修,125
多类,164
赵伟,168
get,53
语言文字,67
劈,136
微粒,42
蛮力,103
营养,18
北美,43
开发新,36
表达力,48
诗经,165
全班学生,141
谋篇布局,84
第三册,76
仪,171
委员,156
刺,136
制造业,184
问,25
思想观念,39
科研所,163
用半,87
认同感,94
大致相同,40
opengl,117
国际竞争,43
听音,186
骑,183
本校,89
陈少华,168
系统化,120
意,5
八节,125
缓冲期,12
费,196
马列,104
强求,106
直视,133
倒行逆施,20
then,53
key,59
动漫,49
手机号码,122
自卑,195
第三条,12
涌现,114
综,22
各题,137
购机,123
愿景,94
用作,27
损伤,103
元杂剧,91
第一天,73
手工操作,79
集团公司,50
新军,88
急,56
成真,62
禁用,155
严于,12
教风,169
生出,114
或远,138
对英,5
庞杂,124
深远,124
火车车厢,21
曼,69
such,75
防水,42
一到,128
语料,67
身份证明,122
礼,5
库拉,69
一并,142
行数,16
遭际,49
cash,59
切面,194
要务,88
五节,141
计划表,66
赵松,168
头等,193
蛇形,194
英文字母,152
布料,0
非技术,8
三元里,183
化解,86
潜台词,165
潜移默化,71
杨正,168
量子化,52
方便性,182
主谓,61
定语,61
貌似,87
启蒙教育,102
看病,92
停满,107
单线程,117
扬声器,83
连接词,61
浪费,82
三能,87
橙皮,18
搞好,50
不断更新,120
销售收入,123
橡皮筋,80
口试,137
军训,89
老本,179
解决办法,25
哈尔,69
多台,58
灵活机动,160
核聚变,174
初级班,141
理解力,121
群中,142
莺,90
周记,84
窄带,96
深入基层,11
以内,129
应得,106
微安,83
爬山,31
如能,25
屏幕显示,16
语言障碍,67
海尔,69
安全形势,77
华中科技大学,163
较弱,2
中日,43
刻画,0
称此,111
清代,105
心有,68
自本,45
耗能,42
有条不紊,142
串接,65
对物,140
睦邻友好,77
桥,29
以自,27
索道,31
第八十三,185
军人,104
邮路,81
商店,51
挂起,27
单通道,58
vpn,96
剪裁,0
商务英语,67
四代,43
剩,87
及云,140
爱国运动,104
行到,113
两遍,158
播放器,162
导言,74
足迹,68
大众性,177
表意,157
校歌,89
丁,90
采集卡,58
网盘,162
拉链,0
别要,136
源文件,162
成本核算,50
完后,142
转折点,62
误解,82
参数值,83
贴切,157
神,125
滑行,183
幸福生活,146
教给,102
教学科研,189
之差,167
贺卡,64
增大,148
跨专业,175
市场预测,30
自控,121
防毒,102
家居,31
杂剧,26
装,100
尖,194
以白,105
下半叶,77
触点,65
神话,49
中译本,74
无需,129
乘方,52
门课,66
等差数列,52
设有,171
vj,60
深入群众,11
侦察,100
两对,35
手法,0
上岗,50
热身,141
就绪,56
ptr,70
长大成人,146
特化,114
任务分配,119
插手,19
艺术性,116
可达,128
tu,60
欧洲,43
张义,168
学霸,175
navigator,70
循序,180
一趟,113
无遗,78
较优,182
半个,128
每块,194
列维,69
阶乘,52
高通,51
两棵树,29
activity,59
课有,141
上本,15
满意度,177
更高,2
亨利,69
消极,195
所读,84
第三课,141
精确度,155
工学,33
睦邻,71
顺心,146
配成,46
按规定,129
旁边,194
协作关系,181
is,53
可分,111
硅油,42
局域,96
匹夫有责,20
does,53
处事,169
这章,66
成本法,196
怠,169
开拓创新,11
mistake,53
较为简单,164
本地化,140
看头,48
多模,96
解聘,156
人物传记,74
纯理论,39
支持性,178
世界名著,74
光辉,124
名师,189
efficient,75
签订合同,24
缴费,196
相差,87
进出,99
侵袭,92
contract,53
推陈出新,127
电感,83
北京大学,163
test,59
大风,183
小鸡,136
商品价格,123
首尾呼应,84
词曲,186
枯燥,102
萨特,69
政治腐败,77
先是,7
讲过,49
愿望,25
货币流通,77
压缩软件,162
骄阳,1
积极向上,94
闭环,140
无此,68
提要,108
机器运行,79
书生,26
平面几何,52
化学键,42
严肃,78
org,59
第三段,84
依存,112
履历,156
回,113
而设,27
沦为,6
焦虑,195
中化,114
经验主义,39
叶片,29
战略地位,77
做个,25
个人资料,122
货物,21
支票,196
科技人才,95
割,136
众数,52
污染,92
办理,45
主流产品,123
户外,31
或用,27
学识,121
google,51
全局性,77
sleep,53
实力,167
以主,193
迷失,82
合约,24
尚存,105
交通运输,21
自画像,157
档次,87
较慢,188
相干,14
局限,6
放眼世界,91
外语类,175
开关电源,65
此法,127
阅兵式,98
票数,147
回来,113
len,70
丝,46
个人简历,175
英雄人物,91
印证,172
时为,111
单句,61
角色扮演,36
乙类,182
关键性,62
金融服务,140
相容性,42
登楼,26
东明,168
产品质量,123
李娜,90
文波,90
视像,140
受欢迎,101
几家,3
乐观,78
摩擦,103
电磁,80
聊天室,117
共行,127
音乐演奏,186
深入调查,143
层次分明,0
专业人才,50
天门,125
慢,113
crisis,59
cat,199
典故,49
报导,153
截止,144
层上,99
球体,194
一队,183
某项,7
出行,81
跟随,113
三原色,157
散热器,58
上色,0
menu,75
熟记,72
刘鹏,168
总结经验,192
性心理,195
一件,78
承平,88
路长,81
表现力,186
法制教育,189
最南端,131
浓厚,2
共分,99
调查报告,159
中学数学,52
能源安全,184
信号灯,81
高教,163
配音,186
男性,92
瘦,0
舞伴,186
重音,61
取出,46
逗留,17
每辆,107
火柴,109
投资总额,13
张路,168
测试项目,79
哥,90
老年人,92
中国大学,163
每代,91
中人,127
黄皮书,76
kiki,60
短缺,56
可通,27
电压表,65
初露端倪,62
才干,121
两次,128
指示灯,65
周二,73
console,70
走到,113
jdk,173
教学系统,189
编目,108
本中,74
文字处理,173
添加剂,18
其内,114
熟习,169
宽高比,16
已较,148
供不应求,123
依赖性,132
蚁群,1
色,105
法拉第,69
rn,60
幸福感,146
及体,1
站立,183
衬板,80
极富,2
gets,53
锦标赛,170
悲剧,49
新思,8
激发起,94
学派,39
前提条件,32
curiosity,53
奥林匹克运动,43
代词,61
接待,31
器官,92
before,53
篮球,89
炸弹,100
碱金属,42
干预,41
property,59
早日,25
赛制,170
厂商,51
发扬光大,71
第二天,73
十四条,12
轧钢,33
低温,42
李晶,168
三段,99
兼备,2
透射,126
质心,80
相接,14
中得,68
博,5
密集,161
protected,59
支出,196
油井,63
存档,176
集中学习,11
代理服务,140
风险性,116
履约,24
下文,108
民俗,31
中高级,40
当对,16
贷款,196
香港,153
习惯于,82
武装力量,104
flask,70
玻璃窗,99
投建,13
序数,52
哈西,57
校训,169
受挫,112
表面张力,42
阀值,8
操作题,137
秋季,62
审美,0
以上学历,175
基本要领,84
常态,148
二章,185
师资队伍,189
情报,159
光反射,42
时间段,118
剪切,180
旺盛,148
第一段,62
追寻,146
几件,55
历史沿革,77
领导人,104
明晰,148
马里兰大学,163
高龄,44
条数,144
长安,107
以求,27
生理反应,34
时间延迟,17
道家,125
意蕴,157
拖拉机,107
长短句,165
厚度,194
该条,81
换肤,180
分队,198
倍,9
智能卡,58
col,60
课堂纪律,141
美国移民,147
pt,60
龚,90
肌无力,34
一身,78
空气密度,42
抠,136
应付,32
双频,96
内阁,147
下该,30
锻炼身体,31
吞吐,114
网页文件,117
为知,127
动量定理,52
商代,108
定价,123
一流,193
老朋友,69
路数,127
君子,127
构想,124
兴华,90
益民,90
火警,56
中华,43
无极限,87
易懂,157
中方,43
script,70
明尼苏达,147
周密,88
眼动,8
架起,149
冰山,112
少时,169
依此类推,128
人生态度,146
灵敏度,42
yyf,170
模范,71
更难,25
互评,189
通性,48
皎,26
嘉宾,98
共产国际,104
communicate,75
期限,196
有道,127
网上支付,122
access,59
章云,185
免检,107
灿烂,146
满后,12
温和,148
无多,26
个人修养,71
父母,89
问世,62
锡器,71
漫长,62
布朗,69
全面完成,50
存单,196
存储量,140
缘,86
仁,5
疑难问题,158
八国联军,104
会计,33
得票,147
头文件,117
儒家,125
更衣,145
为空,70
学生档案,89
正确对待,38
成绩表,167
缝,136
大家族,71
垃圾邮件,23
未曾,68
对联,165
最终目标,37
输入框,16
左向右,138
destroy,53
译稿,74
老人,168
报名,170
一端,194
图线,52
不难,25
李莉,168
掩蔽,27
中当,190
集中力量,88
各条,81
沃森,69
存款,196
在外,132
山鬼,1
上电,65
串串,18
尽量减少,32
减弱,6
交易所,51
能过,146
词句,165
揭开,62
register,59
vin,59
学懂,11
以优,167
各大,193
每项,142
陷于,118
树后,29
其必,127
尽力,25
压入,126
四分,150
申,90
单身,146
拍照,31
决,1
互锁,65
入列,43
创业资金,196
score,59
意译,152
中美关系,77
最高级,99
智,5
以人为本,37
余下,35
安全套,110
兼爱,39
投票,147
school,53
风靡,101
贝,90
代,44
东欧,43
托福,175
素材库,64
人证,172
开入,107
游标卡尺,109
销售量,123
扩写,84
广告设计,33
片段,49
砖,55
十七,47
所分,135
摆脱,36
博恩,69
联系人,122
减小,148
音高,186
击发,100
奴隶制度,77
逐次,142
整体性,2
八股文,84
操守,94
男队,170
原子核,52
交流电,65
无头,1
展转,26
作文题目,137
真空,103
高新产业,140
圆球,194
子宫,92
实际效果,116
储藏,18
舒服,146
盲,115
崇德,169
麻烦,25
乡愁,153
多极,120
水晶,194
订婚,146
缜密,48
整体观,38
理顺,119
思想认识,11
投票系统,51
分销,140
评析,39
对以,27
管理制度,50
闰年,52
辨析,39
述,105
假币,143
势能,160
之道,127
膨胀系数,42
左侧,194
为根,127
clark,69
爱上,49
办学,89
讲多,158
管理科学,33
驾驶,107
签订,24
天窗,107
水基,42
封闭性,182
教条主义,39
截面积,42
第七十四,185
趣味无穷,177
天地,127
净,161
含糊,78
单色,0
世界卫生组织,92
楚辞,108
疯人院,195
棒打,136
主观题,137
附件,47
印,1
不以,127
理发师,136
香烟,18
容,105
内务,119
象,157
财产权利,41
先验,39
选读,74
判断能力,121
资格,170
载,105
工程质量,151
使用权,24
基本功,67
减去,196
卡耐基,98
合一,1
紧紧围绕,11
成熟技术,174
外研社,67
日趋,148
三时,17
判断力,121
根本保证,32
长期保持,132
截获,143
劫持,143
每份,18
现金,196
周三,73
采纳,88
测温,135
值得注意,128
抓好,11
全名,69
引文,108
攻击者,23
不大可能,25
战略规划,88
急躁,121
六西格玛,189
母鸡,29
生理,195
身心健康,195
致谢,145
点子,88
能画,0
缺乏经验,121
教学相长,189
第二代,40
下班,73
阻尼,80
会排,180
提供商,140
长足,188
存款单,196
优秀论文,108
米特,69
周涛,168
钟点,73
拼凑,126
创业者,51
二级缓存,58
以较,160
该科,92
新面孔,101
填补,6
对树,29
计算中心,140
重现,124
基本点,37
对云,140
处境,118
作贡献,20
裸机,173
security,59
对外开放,31
反射光,42
难句,67
螺旋,194
及后,111
好恶,106
典藏版,76
偶然,68
估计值,52
扬帆,21
之家,71
辑,90
pursuit,53
独立设置,175
早已,68
ch,60
工整,139
工程验收,57
依依,90
server,70
共建,181
小写字母,139
connection,59
杂化,42
磁盘驱动器,173
交流会,98
精细,161
since,53
宠物商店,18
中常,111
美国大学,89
余,90
巨大贡献,106
自由电子,42
科学管理,50
化等,120
症状,34
positive,75
潤,85
目的性,48
管理法,12
领土,77
松油,29
伟人,91
完毕,142
铁饼,194
纳米,42
宣传片,22
零碎,47
货郎,54
评为,74
主次,48
涌入,148
适配,51
防毒软件,23
为界,131
教学研究,189
批,12
起用,88
臂,1
文选,74
甲骨,108
以物,157
先富,104
北极,43
箱内,46
相互合作,181
百姓生活,77
组接,157
独创性,197
磁条,122
渐变,0
高频词,158
大二,175
一机,171
清点,144
存有,164
化后,6
网孔,42
工农,104
条码,122
并未,68
蒙学,189
推断出,138
工业生产,184
第八十九,185
电流表,65
年初,73
殷,90
table,70
剥削,77
丢包,117
记入,176
油料,100
缩略,152
网页内容,117
理清,158
挥手,145
客观存在,39
oracle,70
iii,60
举措,12
更正,45
水电费,196
聆听,98
从心,146
及主,129
下以,27
高容量,42
promote,75
不定期,22
瑞,90
引发,7
激情,94
留念,64
降调,61
终端用户,140
由该,129
刘辉,168
损耗,103
签约,24
像是,25
杀毒,162
五次,128
主动权,179
地缘,77
主句,61
关键因素,32
用户数量,51
后坐,100
蔗糖,18
所缺,180
离子,42
目镜,80
四六级,66
早,17
尽量避免,32
用性,182
越少,128
法式,194
入库,86
装填,100
界限,6
试述,39
微小,82
催眠,195
玉皇顶,125
监护,93
几条,47
cout,70
国兴,20
告白,145
四条,193
换成,19
喝彩,106
提意见,145
球法,100
勘探,63
同等,155
联通,96
js,173
备案,45
澳,153
源泉,127
適,85
擅长,2
技巧性,48
主任,168
迪,69
流派,198
project,53
将程,90
古文字,108
extra,75
传统意义,6
即能,129
蓬勃,62
科技知识,102
锐角,194
人性,39
炜,90
稀土,21
比一比,128
廉洁自律,71
种族歧视,195
事半功倍,127
依附于,112
冯氏,71
汲取,114
立定,88
所提,88
待人,78
一体机,171
天文,102
老龄化,184
焊枪,80
新教徒,147
近三年,144
手机操作系统,51
冲量,123
力作,74
开动脑筋,102
金属性,1
指明,41
软件程序,173
艺体,89
自我认识,39
解放思想,11
这棵,29
lb,60
第二种,164
就近,56
送礼,78
信贷,184
敬礼,145
晶体结构,42
何谓,127
不可或缺,82
空口,172
edf,187
排列成,180
姜哲,190
油气,63
倒装,61
台海,153
反例,52
万方,166
第一行,139
以表,106
反复强调,37
原子能,95
current,59
科举,26
短短,128
网中,126
死,136
停留,82
邹,90
喷泉,124
技术相结合,140
水利工程,33
历史学,33
脱壳,100
点评,22
工程进度,151
生态学,33
触类旁通,127
pi,60
归属,131
之七,193
教育学,33
协会,198
诗词,165
皮,136
第七十七,185
起立,141
关联词,61
crash,53
高级阶段,114
狄,90
桩,29
极快,2
期内,45
可由,129
发声,145
仪表,65
指导方针,12
分班,89
口译,67
kkk,60
坦诚,78
同轴,80
北京体育大学,163
现代诗,84
元春,26
graduate,53
两张,35
助人,127
业务主管,50
电势,42
开环,83
同舟共济,20
对齐,16
不空,1
无权,134
垂,26
感谢信,145
中信,28
間,85
椒盐,18
正面,194
损益表,135
出勤率,167
行善,169
核心理念,37
送,113
中该,164
王红,168
挣扎,36
红楼梦,165
亚平,90
网址,162
折旧费,196
请用,19
企事业,50
速冻,18
表语,61
举足轻重,77
随之,148
ap,175
语用,67
崇尚,37
自强,169
月度,144
孔子,125
马斌,168
虚拟语气,61
保护模式,79
scheme,59
merge,70
时间表,159
及线,140
业,31
从以,120
上海通用,40
筹建,50
轮流,35
认知障碍,195
pos,8
拟定,88
暨,98
非零,52
吹风,183
冬青,29
相互协作,181
销毁,41
練習,85
蜘蛛,69
掀起,101
修德,169
法来,27
多条,81
珍珠,194
故该,164
自然界,114
之路,62
哈达,5
拖放,16
无疑,62
第十七,185
教育体制,89
身高,175
吹,172
不作,32
利于,32
两棵,29
性好,42
右脑,48
base,59
窄,161
对接,181
师范生,175
随处可见,29
传播速度,42
页数,74
交线,14
朱,90
法性,1
综合症,195
重装,100
辅导材料,66
菜根,18
不错,2
每层,99
换位,112
停下来,113
审定,151
统考,175
移,86
越短,128
遮罩,16
法一,1
安装程序,162
甘,105
依附,112
放映,74
观察力,121
单选,137
集合体,114
明日,73
标枪,100
海峡两岸,153
双臂,1
残暴,124
证,172
门户,193
海,105
精品课程,189
建国初期,104
几块,46
university,53
其间,47
本地连接,154
匈牙利,69
结尾,49
医疗费,196
周转,196
抵抗,103
爬行,183
交往,78
跳舞,186
笔记本,109
场地,198
爱是,146
单件,123
法学专业,175
苏联,104
换名,45
大脑,121
灾难性,130
鉴赏力,121
队首,170
合法性,116
id,60
王牌,179
机械波,52
适度,32
部位,34
小企业,123
志愿者,198
亚当斯,150
高效率,120
水利水电,33
value,59
知行合一,37
一局,170
政治危机,77
第七十三,185
抉择,36
省部级,156
平均利润,123
通告,12
版块,22
电磁场,42
白皮书,159
新创意,177
军力,88
二对,15
图型,157
相电压,65
cp,101
并称,193
恒压,65
物理课,141
购物篮,109
幻想,146
行军,183
积极思考,189
英语课程,141
若用,27
自白,49
柱,194
本金,196
四年制,175
忠告,106
沃尔什,69
差异性,182
所需,27
三教,125
定额,12
掌上电脑,109
信仰,106
吴海燕,168
安徽大学,163
交代,143
声卡,58
玩转,110
第六版,76
组装机,58
主客观,39
成堆,55
先秦,91
流控,96
再论,88
词源,67
估价,30
涉足,36
地物,16
十八盘,113
警惕性,121
三道,1
发奋,169
棵,29
暗示,172
观感,0
location,59
相识,49
变种,114
组员,198
关键步骤,174
每趟,107
适应度,182
机试,137
馆藏,108
筹资,196
大幅,148
结对,181
algorithm,8
恒等,52
武汉大学,163
优秀者,170
假名,152
跨国公司,43
人与自然,39
合同法,12
苹果,51
马斯洛,39
树起,136
高峰,148
届,170
应能,129
版上,76
家风,71
轮询,117
即先,111
惰性,94
土地革命,104
题中,52
int,70
非暴力,37
雪山,29
分后,150
import,70
耐玩,162
不予,129
墨水,139
暂停,56
得出结论,41
余量,155
资金来源,196
松林,29
播音员,186
聊天工具,122
能带,87
脚踏实地,192
生存之道,127
纸人,1
success,53
牵制,6
滤,83
婚姻观,71
愈来愈,148
cookie,70
连接性,140
核磁共振,34
反封建,104
专业版,173
星球,114
待机,65
旋,26
database,70
刘海,0
账务,119
记载,108
did,53
串讲,158
此项,164
多种多样,164
魏晋,26
艰难,62
于点,52
dhcp,96
遗愿,71
为度,34
三大类,111
手写,139
强省,11
因势,88
尼斯,69
频数,52
退避,1
串上,46
公众,115
五位一体,120
版面,139
吴建平,168
高潮期,62
更近,25
控制性,116
纸张,139
心态,133
两条,0
爱护公物,106
第几天,17
树型,29
章为,185
付,196
中林,90
谬误,39
爱尔兰,69
第一种,164
挺,87
焕发,55
弗洛伊德,39
振兴中华,20
其称,111
几位,44
精心组织,11
法律责任,12
王磊,168
艾滋,195
无处不在,126
不补,38
赢,113
提案,12
打败,172
为期,24
便利,155
齐全,171
独创,178
胶囊,18
呼应,0
测量法,80
北岛,74
asos,59
寻道,9
二线,193
样品,42
及重,129
鲸吞,179
释梦,39
致力,181
front,75
充电,65
相连接,126
杀,136
教与学,189
英语演讲,98
餐厅,99
思想观点,39
同方向,14
金光,1
饱和,148
文明礼仪,71
不足之处,188
大楼,99
tree,53
视,106
议,101
熵,114
昌盛,77
温馨,146
前到,17
延缓,172
差错,93
功耗,8
动因,178
均经,129
泛指,4
熊,90
瀛,90
第二课,141
不计,47
分而治之,88
怪圈,167
医务,56
应从,129
连贯性,48
中间商,123
倒退,114
define,70
契约,24
科学分析,116
夸克,52
磁盘分区,162
wilson,53
营地,183
套数,166
roc,199
认真执行,50
学风,169
防病毒,23
相册,64
单体,182
评述,108
音色,186
宋体,139
正片,49
转接,122
边时,191
字样,139
机场,31
脑,121
泄漏,93
该是,87
幸福,146
传播者,102
电器,65
方敏,90
打印头,58
变型,0
片后,46
时代背景,49
运筹,88
繁杂,124
摸底,72
计算题,137
鲜明特征,178
管理决策,140
清教,125
建设周期,13
第一部,62
赵兵,168
提高班,141
造,86
霍夫,69
健全,12
excel,10
安全控制,140
礼物,146
四体,169
等离子体,42
调色板,0
晶格,42
枷锁,103
带状,194
稳定下来,148
风土人情,31
行动计划,88
强有力,7
移动硬盘,162
圆柱,194
抑郁症,195
感召力,94
shift,16
金属线,80
抱,183
中止,56
调换,45
免费,134
该用,165
组与,14
康华,90
子弹,100
固定性,182
改错,137
分式,52
精神文明,77
老子,37
计量,135
outlook,59
顺应,127
游牧,77
联,105
大捷,88
惊梦,185
车,107
记录下来,176
上联,165
新闻节目,22
朋友圈,101
诸子百家,91
param,70
软件产业,140
现当代,91
承诺,24
射线,80
仿制,40
辞赋,91
底线,106
藉,19
机器码,117
秀,5
氧化,42
即当,111
买办,77
波恩,69
王平,168
商人,77
殖民统治,77
安东尼,150
帯,97
使之能,27
知网,108
唐颖,168
吸引,133
多花,87
简,90
毕淑敏,74
网线,96
回滚,117
洞,194
la,53
适宜,182
归因,39
连接成,126
大三,175
欲,25
漫游,31
红艳,29
辅导教师,189
具体方法,38
电信号,83
比较法,39
中国专利,197
毒蘑菇,18
定值,52
开学典礼,98
光电,58
争议,101
席位,170
多面体,194
严密性,48
甲,86
面试,175
民主党,147
卡尔,69
财务会计,10
投标,196
boolean,70
谈,98
所在单位,176
播出,22
原地,183
监测技术,140
呼叫,56
丰,90
开创者,178
利息支出,196
科学化,120
最低价,9
doc,70
关,159
绝大部分,128
ve,53
版权保护,140
杂乱无章,180
过流,65
熟练程度,72
骨架,0
备,47
精华,127
第二条,12
电容器,65
较多且,164
清教徒,39
与众不同,78
质能,52
蚕食,148
大得多,2
数大,15
第八十七,185
豪斯,69
后处理,79
清华大学,163
堆叠,180
手机游戏,51
产品线,123
左传,26
英文原版,152
穿越时空,49
外交部,43
南京,153
双人舞,186
测定方法,42
终于,25
鸵鸟,183
原生态,177
集成度,58
邓,90
堕落,69
身长,1
悦纳,107
诚,5
组织变革,178
怦然心动,49
生而平等,106
供水系统,65
空虚,25
排列组合,157
片面,38
宋词,165
交纳,196
能级,42
重大项目,174
兴,5
第十五,185
激光器,65
勤学,169
某校,89
情境,178
舒怀,146
设计员,151
唯一标准,172
草拟,24
验证码,122
磁化,42
aaa,60
三联书店,74
条边,52
百分之百,32
数码相机,64
能解,127
员,190
用书,66
熟读,91
卫星通信,96
三码,9
工具包,173
韦,90
画圆,0
织,55
篮球比赛,170
后退,100
投资决策,184
砥砺,169
mail,53
以非,27
也许,25
不相容,39
厘清,41
刘凯,168
达到目标,192
所指,4
做人,169
一棵树,29
同事,168
谭,90
覚,97
layout,16
vc,8
蔡邕,26
测距,80
不显,0
著作,74
轴,80
根基,127
功底,48
清洁,161
相互交换,181
运筹学,33
人民教育出版社,76
申明,145
superior,75
区为,171
一至,47
奇迹,62
破灭,62
具体型号,58
醒目,139
来龙去脉,49
滴答,126
桥式,80
浆料,42
择,127
object,70
食堂,89
复苏,184
国标,182
中山大学,163
飛,85
点画,0
茶文化,71
张家,71
待测,42
此树,29
维亚,69
十年,132
电磁感应,65
历任,156
性行为,195
修身,0
季军,170
细胞,92
外宾,43
波尔,69
享用,18
不专,169
盈利,30
最速,107
子目录,173
防盗,143
机和,171
摊销,196
man,53
自立,112
搭设,99
用此,27
获取数据,140
跑马灯,65
講,85
努尔,69
病情,34
张莹,168
舞曲,186
从前,68
主机名,117
凸凹,0
劳务,31
积聚,132
湘,60
反抗,103
贴图,162
蓝屏,162
mv,186
正义性,39
有人,25
储户,196
净利润,123
惊异,133
可及,124
派对,198
各边,52
柔韧,161
多页,74
意味着,148
第五篇,185
剪接,64
事故,107
侵害,164
必知,127
增强型,171
宿舍,89
光学仪器,33
心有灵犀一点通,165
无不,91
生态系统,140
组织学,92
死记,67
戏曲,186
介,90
academy,59
画稿,139
朝廷,88
活力,2
第一印象,115
rare,75
夏利,107
指标体系,184
诗歌,74
铺开,62
时变,114
于云,140
武汉,43
视频文件,162
法相,1
之下,148
吴文俊,168
歧义,48
总任务,11
数理,33
插座,65
push,70
税赋,196
电子对抗,154
点到,73
自启动,162
内存地址,117
核裂变,174
再版,74
搭接,80
专家学者,91
难解,52
几级,99
degree,53
此种,164
遮挡,0
人格魅力,94
小型化,174
智能建筑,140
scan,70
相互影响,38
公共秩序,12
该学,66
互操作,140
法西斯,104
竞答,170
方差分析,52
转去,113
开发周期,51
本领,127
女士们,78
顽症,92
公安,57
虚怀,169
感想,49
内存条,58
吸收性,42
音韵,165
异,105
视口,16
矫正,195
寸步难行,87
提供者,155
此门,149
做法,36
莱恩,69
第一代,40
出差,31
易怒,195
高线,123
对包,143
加西亚,69
李威,168
严酷,7
面值,76
担当,94
坦克,100
在乎,106
疑问,101
线及,58
俚语,165
破译,108
奕,90
操作程序,79
申请表,129
静电,42
年收入,175
议题,101
热风,65
有时候,82
当天,73
救济,196
著录,108
秒,150
比较落后,188
现值,196
人脑,8
弱国,43
基址,108
服务体系,140
硅,42
调子,186
体内,92
精神分析,195
病毒软件,23
偿债,196
公园,31
供能,65
知名企业,140
党团,147
扎,136
助力,181
视频点播,140
系统优化,8
过载,65
评委,170
相关者,198
洲,125
如期完成,151
窃取,143
复,105
洞悉,127
社会变革,77
传入,114
移走,29
异常现象,93
瞄准,100
躁狂症,195
到期,196
占优,148
规章,12
简并,123
刻划,0
神器,155
甲午战争,104
树为,29
钢球,80
渐渐,148
判明,41
各处,142
亮点,188
stop,53
vn,162
破阵子,165
栅栏,29
真理性,39
global,59
渺茫,3
之声,22
去求,145
杨林,168
第一辆,107
剖面,16
伯格,69
宏伟目标,11
利用自身,160
新视野,22
安全可靠,32
电位差,42
背,158
开通,122
古今中外,91
西安,43
高价,30
工艺流程,79
z,60
拆卸,100
资讯,22
拉美,43
互利,181
周边国家,43
供应,166
内存空间,162
网有,162
土地改革,104
美感,0
于物,127
艺术史,39
无源,83
永磁,65
网络故障,117
古代汉语,67
文意,165
throws,70
借书,141
双循环,170
迫害,104
近端,103
桃花,86
遵义会议,104
广场,99
张胜,168
第一组,142
暗斑,161
航空,21
捕食者,23
模数,80
电量,65
垫付,196
复印机,109
量程,65
情怀,94
伪装,115
测量仪,80
语文,137
每页,139
开支,196
受到破坏,103
拆装,80
实效性,116
前夜,62
总工,57
投资额,196
队伍,198
金刚,1
着急,25
告诉,168
函,105
发问,145
甲骨文,139
录像机,64
后同,129
美妙,146
功能完善,171
忠实,106
大方,78
汤子,168
裔,5
做主,106
北端,131
上海市,43
二周,73
赛前,150
针,136
物物,120
居于,118
加到,46
存货,144
角度观察,138
领导权,104
登入,117
教师资格,175
自已,133
摄影,31
有理,88
长顺,168
启动盘,162
种族,114
战略意义,3
文光,90
布拉格,69
躬行,169
申报,176
自由度,134
施,90
查资料,66
调解,24
人脸,8
专业化,120
字型,194
气侯,92
司,131
可控性,182
东山,26
多练,67
雅思,175
宗教,77
政治素质,11
国家兴亡,20
收到,122
两会,101
来临,62
劵,196
加以解决,38
拼字,152
流动资金,196
出版物,74
双曲面,194
罗杰斯,69
有形,114
惠,90
同上,47
经典影视,22
float,59
历史使命感,94
旁路,83
一批,47
发和,100
折射率,42
出生日期,122
三棵树,29
建站,117
病态,195
万卷,169
庆祝,146
内及,93
推算,144
新的一页,62
一分,35
热传导,42
步步为营,88
自感,68
sun,75
不应,164
例举,110
指纹,8
永久,132
模具,46
林生,90
上次,128
职场,25
漂亮,78
服务平台,140
校内,89
勾画出,0
六位,44
式微,148
校长,89
声学,83
擦写,58
高科技,171
size,59
为用,86
崭新,55
家长,89
个人经历,49
聚醚,123
房租,196
实在,87
最初,62
跳远,167
大学语文,137
项目选择,13
普通话,152
频发,164
快速反应,56
切题,165
排除法,158
伯乐,133
对子,71
双边,2
文库,74
技术改造,174
告别,113
英语六级,175
新老,55
对角线,16
男士,78
平安,146
毫不逊色,2
私钥,117
恶意程序,23
一部,49
银行业务,184
struct,70
戏剧,49
硬指标,167
线状,194
读音,152
触觉,121
核反应,42
txt,162
编修,108
intent,70
淡化,6
它集,171
电影胶片,64
英军,104
程中,82
该软件,173
钱,196
研读,108
呈,148
account,59
暑期,175
生息,114
大众,115
外力,103
第十六,185
三节,150
树树,29
头上,183
星期,73
个人风格,0
变位,61
健壮,0
第二段,62
轰炸,100
联合国大会,147
同理,25
打字,152
物质基础,95
bash,70
示,105
修整,161
sort,53
两年,132
机械能,65
储能,65
华盛顿,147
売,97
风采,49
广泛传播,101
义不容辞,20
逃生,56
西北角,194
仅供参考,192
服务费,196
体贴,78
window,53
空想,192
无人驾驶,107
就位,100
真爱,146
异常情况,93
高潮,62
不合理,12
运动学,52
不究,41
必在,129
挑战性,48
下用,27
究,105
车场,107
英雄,25
当一,106
插口,191
必有,127
陌生,115
集会,198
四子,90
相机,8
风格特征,0
tp,60
若该,164
自收,17
线中,0
红外光,42
自小,169
金矿,63
人民解放军,104
英王,69
职业技能,50
字里行间,165
四十年,179
累计,144
优胜劣汰,148
一事,145
饱和度,0
离去,113
阶级斗争,104
计息,196
四年,175
三条,193
及点,14
硬件资源,140
罗斯,69
工具条,16
门外,113
臆想,157
光度,42
过压,65
同学录,64
选票,147
宗派,125
public,59
精彩,49
够,87
拟订,12
六级,149
薄膜,42
rose,53
产品产量,123
航空工业,43
明辨,38
初赛,170
本项,129
阻滞,103
视线,115
早晨,73
报废,107
抽象化,157
展览,74
借贷,196
时有,164
kill,53
涂抹,0
容错性,8
中间层,99
更新快,162
成段,165
屡见不鲜,164
蜂鸣器,65
金文,139
优选,134
削减,6
火情,56
利滚利,196
引,19
幕,105
公鸡,29
折线,0
现代汉语,67
发送到,122
登高,26
平日,78
有名,193
恒定,9
简陋,55
民族团结,104
绿巨人,69
更名,45
澄清,145
网上交易,30
预料,121
选点,36
拨乱反正,88
损益,196
阿贝尔,69
连缀,126
由表,135
兼容机,58
主意,88
某件,82
诸子,26
消费市场,123
编委会,74
初创,62
若干条,47
关键在于,32
大势,127
随即,56
应届,175
双端,51
烟云,1
combination,75
菜,18
声律,165
扼要,88
登天,1
东方,43
几门,149
研,175
新娘,146
交给,46
跳高,167
类名,70
可控硅,65
买,113
罪恶,62
富国,43
另有,47
abuse,75
没纸,109
轨迹,114
鲁棒性,8
过瘾,87
专题讨论,98
question,53
导轨,80
中英文,152
复印,109
音像,186
pop,53
regret,53
岳麓书院,125
自省,169
jpg,162
吴英,168
二万,183
精练,165
